"Time ",U0,U1,U2,U3,L0,L1,L2,L3,U2L2,U0L2,U0L3,U0L1,U0L0,U1L0,U1L3,U1L2,U1L1,U2L1,U2L3,U2L0,U3L1,U3L3,U3L2,U3L0
0,917,929,302,285,321,927,404,302,138,354,629,912,628,583,139,41,222,667,225,610,294,791,295,751
0.000009031300423271726,917.0059496832126,925.6394365276828,302.35414463064865,284.7847647644191,321.8640848087679,923.7484466517757,402.1390543728548,303.0331336685232,138.63486557900342,354.98065090615455,628.1035957042623,912.7834418996621,627.126361814448,582.9217994130147,140.26441231488332,41.16909505030038,224.00525669411886,665.7841338474467,224.75993520243753,610.466496844982,295.67866676304254,789.8389231098938,295.0763340916869,750.6212571192641
0.00001825000645973455,917.0088080918155,922.2279144781818,302.7107617839391,284.564216508676,322.7369154586207,920.4452806761074,400.2508207866703,304.079541038153,139.2808102144878,355.97723636994306,627.1943247244686,913.5789282126308,626.240702616782,582.8406694732209,141.54967261925208,41.33922782977525,226.04251559957,664.5468572902397,224.51661713433145,610.9440964810265,297.3863084925912,788.6598444837948,295.15190479912366,750.2376159713133
0.000031034436415909976,917.0074643321441,917.5279802738218,303.1972382122889,284.2569740514231,323.9321482952688,915.8908024075289,397.6510078387558,305.51715702264636,140.17312250702088,357.35196043194696,625.9428636316246,914.6751161079607,625.0225955229197,582.7259951192939,143.32312228865158,41.57108567462143,228.85181664361144,662.8373615765901,224.18204765137884,611.6087713598378,299.74471592204765,787.0348094056986,295.252823547655,749.7104897043182
0.000043818866372085394,917.0000390568873,912.8639027175051,303.674425504599,283.9481546083774,325.1099143168565,911.3666721947,395.072799197918,306.9391974267865,141.06142302834962,358.7182255160155,624.7023507251333,915.7632588402652,623.8161258992511,582.6088328263004,145.08627629960537,41.79826633321659,231.64272182337268,661.1351974747221,223.85076871089706,612.2761240348536,302.0918840995787,785.4214068375777,295.3492859245004,749.1890029250518
0.0000613972890561535,916.9800718724866,906.5087489092493,304.31557923167514,283.52102816254296,326.7012038459671,905.1951143042528,391.56264622606744,308.8693550814525,142.27633547873177,360.5831350373441,623.014334742383,917.246451273321,622.1760071270822,582.4437275161977,147.49396371576253,42.103129658636426,235.45043020015416,658.8066206573477,223.4005664788191,613.198006874882,305.30100944564884,783.2217799815829,295.4747535992203,748.4810546391124
0.00007897571174022162,916.9490242321241,900.2197965970154,304.939643318511,283.09109212672183,328.2604309872867,899.0797417162626,388.0923071957458,310.77079941697133,143.48381197889407,362.432355040407,621.3465245521849,918.7147889410525,620.5573073019129,582.2740486754742,149.8826336325429,42.39946443307145,239.224056661896,656.4916752458934,222.95641351774367,614.1247329012338,308.48925362023664,781.0436288805571,295.59206135188185,747.7834801382619
0.00009084365466725218,916.9219154871311,896.010838304232,305.35144676425085,282.7992838084496,329.29527443200766,894.9824237133286,385.7715533144866,312.0385184561917,144.2948684133509,363.67205704544983,620.2317999762346,919.697827645491,619.4763999235456,582.1569423445961,151.484700219723,42.594799154944695,241.7527199765041,654.936399331752,222.65991854518674,614.7530813983051,310.630070815372,779.5850628026639,295.6667220717681,747.3183019063416
0.00010271159759428275,916.8899342304405,891.8313729226427,305.7556635714526,282.50626771195743,330.3159139685549,890.9102030057022,383.4685054004344,313.2934648759271,145.10259921155173,364.90473820546174,619.1260738471962,920.6742477381347,618.4050060667896,582.037807541644,153.07829025083274,42.786380341022664,244.2661489438578,653.3872377567484,222.36610706124094,615.3835435903039,312.7615288195511,778.1360639648029,295.7377768415296,746.85772883813
0.00011457954052131331,916.8531504833365,887.6811307524747,306.15237398641796,282.21207233989736,331.32251121362845,886.8628766451122,381.1829892648041,314.5357632530886,145.90702954351116,366.13045028838144,618.0292625792046,921.6441093481309,617.34302739914,581.9166665502565,154.66347944025088,42.974260574287975,246.76446268272983,651.8441512742424,222.07494988285325,616.0160825045181,314.88369058201664,776.6965448446026,295.8052703290154,746.4017123385061
0.00012644748344834388,916.8116332968084,883.5598451228558,306.5416573680041,281.91672572020275,332.3152256541501,882.8402437642368,378.91483285971964,315.7655367690937,146.70818428291756,367.3492445633338,616.9412835393967,922.6074718817467,616.2903668270786,581.7935414477399,156.2403425991084,43.15849167598206,249.24777915431372,650.3071010189069,221.7864181510571,616.6506616464616,316.99661847019325,775.2664189413438,295.869246618047,745.9502044312457
0.00014176187002851005,916.751174862272,878.2841045608473,307.0331400897305,281.5339539506744,333.57596306608224,877.6856098539596,376.013383630724,317.3341242211652,147.7371931325368,368.9118353089584,615.5502757026937,923.841085271085,614.9456289764795,581.6317642568304,158.2629416708275,43.390913499757374,252.43027601173736,648.3325500600018,221.41793055654497,617.472478860264,319.7095939572575,773.4347278487684,295.94667442802347,745.3741648478283
0.00015707625660867623,916.6830918443075,873.0555825056169,307.5125528825292,281.14936911790335,334.8141786204702,872.571340865417,373.1401979785886,318.8823171180855,148.76084068543184,370.4630993587422,614.1736655437593,925.0640989021704,613.6160444856336,581.466766137947,160.27195645084524,43.617451894366894,255.5882430112237,646.3679043736937,221.05370666466558,618.2975571697689,322.4074280236107,771.6183542226441,296.01841008287045,744.8054535944732
0.00017239064318884238,916.6075256200468,867.8737278009369,307.9800598521272,280.763028055799,336.0301997054336,867.497020204605,370.2949216371761,320.41037006390155,149.77917825596433,372.0031432517554,612.8112823749404,926.2766352655483,612.3014136354464,581.2985930132181,162.2675412039912,43.838212753801066,258.72192522805256,644.4130831865095,220.69368681503286,619.1258216172617,325.0902504756001,769.8171195421337,296.08454410130315,744.2439720377415
0.00018770502976900855,916.5246150640199,862.7379971720364,308.43582278495114,280.37498638537016,337.2243482255405,862.4622367155104,367.47720587190986,321.918534023697,150.7922563952517,373.53207222632534,611.4629579862082,927.47881497918,611.0015399051277,581.1272902569186,164.2498478577558,44.05330001198419,261.8315647013048,642.4680067209636,220.3378121959775,619.9571984824863,327.75818959433775,768.0308479363612,296.14516549452895,743.6896231398366
0.00020490624217763443,916.4229012194616,857.0238471971635,308.93393277637284,279.93717531266725,338.53993487619624,856.8537778267154,364.34476773479093,323.5891042495465,151.9239423713748,375.2362501083869,609.9650698430537,928.8169086865863,609.5588703181139,580.9312057952751,166.46073961071565,44.28824866120792,265.2959587356377,640.2948067939453,219.94296250804393,620.8946273794976,330.7372455078126,766.04212378864,296.20679112423943,743.0753616417351
0.00022210745458626027,916.3122833502844,851.3664646249612,309.4176502639869,279.4973627320406,339.82876668976945,851.2941200334633,361.2461887544502,325.2352397380585,153.04912531290734,376.9266819115416,608.4844778951896,930.1422519237949,608.1343051095333,580.7312922270016,168.65527707723697,44.51630981580631,268.73065625499373,638.1336911524925,219.55318843275,621.8357906051215,333.69786198647455,764.0718168567646,296.2616942052946,742.4698453803002
0.00023930866699488614,916.1929472594278,845.7651142248803,309.8871942949443,279.05562219649386,341.0912758320232,845.7827045989019,358.180999015032,326.85728011056256,154.16787350842853,378.6035109960255,607.0209546514392,931.4550075004479,606.7275797977447,580.5276113898909,170.8336653391584,44.73762221983833,272.1359868262319,635.9845510954492,219.16841038165035,622.780589151389,336.6402140982498,762.1196895171893,296.30999426067575,741.8729438415863
0.000256509879403512,916.0650750887664,840.2190724145893,310.3427804715524,278.6120255054533,342.3278864627673,840.3189808625536,355.14873671062855,328.4555595973228,155.28025413132838,380.26687879244423,605.5742762783024,932.7553354758169,605.3384345844964,580.320224292455,172.99610604675797,44.95232175978553,275.51227548641174,633.8472793992838,218.78855002998617,623.7289258284812,339.5644746371762,760.1855080476304,296.35180860581335,741.284528845342
0.0002757397051519619,915.9122363460667,834.0835637881542,310.8358327117729,278.11400225063727,343.68018754874146,834.266689338166,351.7972900468026,330.2146060226036,156.51636555237738,382.11065005053706,603.9766559961565,934.1944977881251,603.8059600554209,580.0840654472313,175.39493691688182,45.18467666253063,279.2527571852016,631.471870358742,218.36961819340812,624.7931753385751,342.81239777928,758.0441828709496,296.3910176877524,740.6366116245885
0.0002949695309004117,915.7491964294175,828.015311156265,311.3119972539105,277.6138421163057,345.00121112336444,828.2725773825994,348.4858063206569,331.9448191431438,157.74469214226644,383.9379640339491,602.3995105886045,935.6185409213867,602.2947882794282,579.8434326092089,177.77435663043892,45.409114980477725,282.9577846236089,629.1110163213233,217.95663028535668,625.8615969988508,346.03815852305456,755.9246833524559,296.42242252264987,739.9989710047201
0.00031419935664886157,915.5761940574124,822.0133537154304,311.7715604559443,277.1116379650281,346.2915154737517,822.3359104222321,345.21367518472135,333.6466426785578,158.96532296098235,385.74900994444806,600.8425430565628,937.0276768417109,600.8045763691315,579.5984073612929,180.1346322414742,45.625814381210105,286.6277923005918,626.7645737966226,217.54948235078663,626.9340628868049,349.2419884760809,753.8266996726182,296.4461775286382,739.3714379256066
0.00033342918239731144,915.3934627410297,816.0767474249789,312.2148036922625,276.6074801974196,347.551647518808,816.4559655701181,341.9802978608471,335.3205125711687,160.17834548326,387.54397419392836,599.3054616580857,938.4221135833787,599.3349881093233,579.3490700626118,182.47602590072987,45.83494848276589,290.263208128913,624.4324014301262,217.1480722672654,628.0104476794385,352.4241159413079,751.7499276027501,296.46243397919875,738.7538466474215
0.00035398829902507804,915.1875970376875,809.8009988571123,312.670948252182,276.066410377475,348.8661208775756,810.2314951912166,338.56560904630686,337.0796566299761,161.46690179484153,389.4454381411652,597.6837987454286,939.8969154073258,597.7862509717578,579.0778169565086,184.95867803957555,46.05036329974072,294.1121428470622,621.9546405046955,216.7251471904673,629.1654350558846,355.80246266557384,749.5527193945522,296.47168771794577,738.1043761569618
0.00037454741565284464,914.9711442715807,803.5977763932624,313.109086059526,275.5233125235627,350.1473589005677,804.0701923364699,335.1938426498939,338.8078517647946,162.74696274437952,391.32895093162625,596.084195243126,941.3553937180088,596.2603161566418,578.8018205860059,187.4203499539943,46.25752687941906,297.92252618731766,619.4928641162421,216.3085457743346,630.3246149214982,359.15653081246336,747.3790572637502,296.4727167946813,737.46588945506
0.0003951065322806113,914.7443706768638,797.4659879366502,313.5295426129507,274.9782881967637,351.39598836810234,797.9712165403034,331.86430937000347,340.5056021026181,164.0186294179364,393.19472999569746,594.5063139139053,942.7977885459886,594.7567972061476,578.5211745465098,189.86134411718942,46.45663667543965,301.6948567242104,617.0469073062663,215.8981499975345,631.4878437283732,362.4865872110538,745.2285898687525,296.4656945409231,736.8381961717264
0.0004156656489083779,914.5075363347228,791.4045614502458,313.9326374151288,274.43143609083216,352.61262264765867,791.933741405489,328.5763336235439,342.17340244090303,165.28200102834913,395.0429894053762,592.9498238028989,944.2243352509471,593.2753155622765,578.2359709304152,192.2819571784777,46.64788537705863,305.4296250638021,614.6166076843639,215.49384404893317,632.6549810185054,365.79289469321964,743.100972528787,296.4507905656722,736.2211098630887
0.0004380814883508872,914.2381462997291,784.8746653635404,314.352719599813,273.83322658983246,353.90337674481947,785.4201429640366,325.03799637834464,343.9582643753287,166.65013110470895,397.03845045953335,591.2767601938131,945.7619265530594,591.6847168692967,577.9199228523911,194.89829529719063,46.84766844840074,309.45944803847647,611.9844787631564,215.0598310276675,633.9318169181686,369.3710402316582,740.806849106,296.42575360901236,735.560166638452
0.0004604973277933965,913.9574189649294,778.4258266964935,314.7529335279255,273.23307867715977,355.1575686589798,778.9776552622747,321.5474354922207,345.7087162735331,168.0086395578483,399.0136034719813,589.6283275569549,947.2812453251888,590.1194050755876,577.5986797995308,197.49111986396466,47.038567210418805,313.4458064295917,609.3705689297196,214.63277816678524,635.2129620215336,372.9215914313492,738.5390581387619,296.391754267531,734.9113844686797
0.0004829131672359058,913.6656672647156,772.0567347220227,315.1336697046078,272.63110918651375,356.37594093818456,772.6052624500713,318.10382912589654,347.4253627545363,169.35764763469425,400.9687125413714,588.004121572329,948.7825786099381,588.5789204254979,577.2723550828559,200.06079266519268,47.22081291787458,317.3893046120536,606.7746777062936,214.2125440999277,636.4982464891434,376.4448732151801,736.2971789080141,296.3489977801633,734.274537089813
0.0005053290066784151,913.3631963264257,765.7661045282273,315.4953108768691,272.02743136851535,357.5592191254348,766.3019668993561,314.70637292531677,349.1087964033589,170.69727420259554,402.9040374151743,586.4037459928844,950.2662074819204,587.0628132166574,576.9410600286146,202.60766804915013,47.394630806175506,321.290536587832,604.1966079385097,213.79899032660367,637.787504428672,379.9412053013672,734.0807992280027,296.2976846507379,733.6494032272994
0.0005294262150111212,913.0264217990687,759.0896979394397,315.8632093968256,271.3766928164036,358.7929209166489,759.6018199371861,311.10465351161946,350.8821214169638,172.12705323269063,404.9627532162378,584.7094644073005,951.8416888726437,585.4596721584627,576.5794965098521,205.32054958143212,47.572337200649535,325.43791876862616,601.4448172662997,213.36171242066874,639.1777138807861,383.67009227892316,731.7261521736347,296.2332028388026,732.9901965622008
0.0005535234233438272,912.6779626439794,752.5009783646791,316.2099303052275,270.72423864927407,359.98774410621087,752.9791989638892,307.5544024543119,352.6184411839358,173.54626690144303,406.9992122561394,583.0418015601946,953.3973629402996,583.8836610737516,576.2124485792816,208.00790813949936,47.74082233770993,329.5378425788295,598.7131610521832,212.9318329758901,640.572132049292,387.36858268328416,729.4000161404799,296.15929605039565,732.3440142206866
0.0005776206316765334,912.3181688051507,745.9984458016439,316.53592008220994,270.0701964225005,361.1445268867504,746.4329325933102,304.05468562629324,354.3184469236763,174.95505401362666,409.0137207541089,581.4002952544633,954.9335570429414,582.3342586383515,575.8400469438353,210.67015640321435,47.90034386489664,333.5910069864093,596.0014066503225,212.50919069401334,641.9705676717983,391.0370542352257,727.1019107246325,296.07619574107457,731.7105998897595
0.0006017178400092395,911.9473809338728,739.5806314576606,316.8416157779841,269.4146894961399,362.26408721263425,739.9618716229324,300.6045898285237,355.9828152754541,176.35355053469073,411.0065796268061,579.7844930373078,956.4505913769254,580.8109555407545,575.4624198480882,213.30769812955404,48.05115229765049,337.59809826704617,593.3093254579294,212.0936277668438,643.3728342204328,394.6758782826373,724.83136579084,295.98412771232887,731.0897032098575
0.0006292900026528677,911.5100623302035,732.3394094622919,317.167048952217,268.6630110422224,363.5004579994124,732.648453834013,296.71669503677515,357.8443288344309,177.94126565465874,413.260641984726,577.9666456103276,958.1632896699514,579.0993609440872,575.0240881719853,216.29578798012412,48.213332411358735,342.1273819742394,590.252875493026,211.62662439687452,644.9817816187506,398.8035415979865,722.2666131782426,295.8680649124812,730.3943112989873
0.0006568621652964961,911.0592655325773,725.2051148816385,317.46709841062415,267.9097430896033,364.69030421758504,725.430366600673,292.89129293448235,359.6610210623762,179.5158774398324,415.4871815715061,576.1812227379947,959.8517720131628,577.420558707684,574.5792642239121,219.25262641117337,48.36477754321618,346.59821694005944,587.221557588319,211.16846178195607,646.5952419132741,402.89340468490354,719.7366680064993,295.74087051096285,729.7146309722233
0.0006844343279401244,910.5954577945046,718.1756919948955,317.74237505689615,267.155051364451,365.83475781331873,718.3059912221753,289.1271123757535,361.4338379149241,181.07757642228356,417.6866241967054,574.4275917155063,961.5164855793918,575.773841300446,574.1281284029765,222.17877724898167,48.50583039456965,351.01157195857627,584.21504784473,210.71891980534227,648.2129577914584,406.9459941973487,717.2408733152454,295.60285661068775,729.0503147279345
0.0007120064905837527,910.1190923492711,711.2491330315322,317.9934752279941,266.3990953735298,366.9349201679284,711.2737433504461,285.42291401806744,363.16370290296817,182.62654883184555,419.8593874508248,572.7051347831347,963.157866611948,574.1585194150047,573.6708572273988,225.07479071768162,48.63682295171752,355.3683960716695,581.2330286252238,210.27778374911594,649.8346791463282,410.96182685600104,714.7785878470993,295.4543267475446,728.40102408093
0.0007407804046709259,909.6090482283097,704.1282427184393,318.23036878388655,265.60900818532053,368.0369625273053,704.0315519939144,281.61992085625167,364.92413876330096,184.22966023541963,422.09884556953193,570.9401933299849,964.8463685589239,572.5055449480917,573.1872998202414,228.06547299091227,48.76314482520161,359.8558396452051,578.1468141056987,209.82615765498244,651.5310930343061,415.11404554104564,712.244037260819,295.2884285135951,727.7390997091646
0.0007695543187580991,909.0862892653612,697.1150707012088,318.4422107437221,264.81787854522685,369.0931172593369,696.8862827941691,277.87960118898354,366.63977700813524,185.819311476478,424.31014924918986,569.2078778163308,966.510394970363,570.8852893582563,572.6974400780751,231.02451288451073,48.879213693754686,364.2837626424502,575.0865852171092,209.38322654985046,653.2313370583631,419.2273501318949,709.7446057411724,295.11172439159384,727.0928162865969
0.0007983282328452724,908.5512836774511,690.2074953316244,318.62963003859966,264.0258673784176,370.1045343281447,689.8362499698673,274.2006527094337,368.3115920760507,187.39569982070577,426.493745101154,567.5075360215624,968.1504059737512,569.2970299102415,572.2014652793566,233.9524906674467,48.98537161413054,368.65317710744137,572.0520016560686,208.94876457908924,654.935151290281,423.30229456436473,707.2796166558506,294.92453075457587,726.4618192341235
0.0008271021469324456,908.0044851595353,683.4034456074087,318.79324013248356,263.23312929509615,371.0723319830064,682.8798043261277,270.58180633210554,369.94053465715564,188.95901804963222,428.6500709567065,565.838531480347,969.7668502458587,567.7400628663715,571.6995584942473,236.84997235897947,49.08194960424685,372.96507393511723,569.0427297879742,208.52255162781188,656.6422833418937,427.33942211852195,704.8484098757058,294.7271550573088,725.8457633581473
0.0008576381736127526,907.4117919429498,676.2936923255251,318.9414957395077,262.39121435812933,372.0529010760968,675.5979069087266,266.80569958214573,371.6233763230004,190.6039885261355,430.9091022738033,564.1008994723559,971.4569978848123,566.121209161067,571.1606263079562,239.8921566196295,49.174321120459666,377.47920362642895,565.876489648021,208.07902060407736,658.4573160036799,431.58301567631855,702.3045469809366,294.5068884974557,725.2079474964785
0.0008881742002930596,906.806818898029,669.2959032353314,319.064306302147,261.54881774450587,372.98682881174875,668.417710177953,263.09445282786385,373.2600569488777,192.23467069807862,433.13840614987424,562.397138293545,973.1216063512256,564.5360310684833,570.6154231219457,242.90125950185416,49.25663349334684,381.9307806475215,562.7380048605812,207.64428923046393,660.2755263691904,435.78524241535797,699.7972560252589,294.2758368308363,724.5861906755224
0.0009187102269733666,906.1900568059622,662.4077824040925,319.1623501118653,260.7061023690566,373.87533976212427,661.3373726704406,259.44666688893705,374.8516285419981,193.8512790708328,435.3384741615314,560.7265429627369,974.7611723290322,562.9837545280639,570.0641524237549,245.8779074784934,49.32924390845275,386.320913785206,559.6269000188486,207.2181148970378,662.0966397773957,439.9467137605656,697.3258061197337,294.0343359702459,723.9801135571641
0.0009492462536536736,905.5619804528769,655.6270908791367,319.2362879737771,259.86322433371004,374.7196234594713,654.3550944467537,255.86097954529598,376.39911635414705,195.45402316817533,437.50978788416046,559.0884261898683,976.3761797158305,561.4636265707592,569.5070128480808,248.82271111537958,49.392497456164406,390.65068770123827,556.5428072904177,206.80026148713256,663.9203899644457,444.06802894955655,694.8894848534724,293.78271194620373,723.3893472073581
0.0009808373981121132,904.9007824423268,648.722844345007,319.2880953848752,258.9912098522176,375.54776203422705,647.2328848990128,252.21533958239183,377.95474229087586,197.09777367326257,439.72636720270117,557.4271759989433,978.0216465286877,559.9240286679099,568.9246517711621,251.8363862809929,49.448443644099974,395.06767395873777,553.3801939213558,206.3764827949333,665.8096574952757,448.2901121719863,692.4052126342546,293.5120758975444,722.7939000832083
0.0010124285425705528,904.2284559235661,641.9288900994645,319.3154839092398,258.11933925668615,376.3310396481155,640.2118441312974,248.6333186915357,379.4653303100447,198.72712509429238,441.9131860504098,555.799248748166,979.6418414348593,558.4172687106409,568.3364254911769,254.81725644906277,49.4950876203474,399.4223403399482,550.2457149493088,205.96111719498694,667.7011953135867,452.4704813012945,689.9570472977395,293.2312825434146,722.2140708899308
0.0010440196870289925,903.5454747838739,635.2429333582481,319.3191285149185,257.2477638574851,377.07066033229233,633.2901135831871,245.11352816688765,380.9319289100415,200.34229326368992,444.0707446048546,554.203940596065,981.2372599084647,556.9425810014571,567.7425378164838,257.7659466544006,49.532773040946026,403.7158091299212,547.1389873060447,205.55392439711684,669.5947360954663,456.60976023356017,687.544259442376,292.9406609236217,721.6494848094189
0.0010756108314874321,902.852297065617,628.6627370697374,319.29968637519534,256.37662836286853,377.76779325565076,626.4658771481033,241.6546163407071,382.3555594536078,201.9434890239891,446.1995327683271,552.6405655901543,982.8083845662151,555.4992209314753,567.143187522212,260.68306593548135,49.56183164670959,407.9491778258594,544.0596356770246,205.15467071981624,671.4900209361109,460.70856030219505,685.1661383009401,292.64053022026707,721.0997774113375
0.001109251724991941,902.1034289417216,621.7694235223345,319.2543181349696,255.44960908562118,378.4647191736697,619.304055995567,238.03673429563796,383.8254358856329,203.63344553491845,448.43535154841993,551.0101114521457,984.4552680805069,553.9958409278246,566.4991607015568,263.75541443292957,49.5836501958261,412.39235114735277,540.8101695797285,204.7379857067154,673.5099154363704,465.0294740766375,682.6710525225764,292.3108184251975,720.530363819141
0.0011428926184964498,901.3440138000085,614.9910069123573,319.1842455050457,254.52340438116366,379.11607825878724,612.2486890451496,234.48485455062783,385.2488824491702,205.30803346409252,450.6396551239659,549.414326118751,986.0756886941028,552.5263172426205,565.8493864762469,266.793331937921,49.59642114386664,416.769853529608,537.5908954979146,204.3297799490247,675.5312119391017,469.3058725325807,680.2136795451329,291.9710357174471,719.9770061435822
0.0011765335120009586,900.5745479720803,608.3249923953857,319.0901982482064,253.59816594916637,379.72315784721053,605.2977352821597,230.99747751506814,386.6270352357846,206.96748948826638,452.8129974889229,547.8524451986316,987.6701843740924,551.0898259745516,565.1940863904333,269.797497158399,49.60050324400119,421.0829208117805,534.4013876343156,203.92979506000023,677.5536283159423,473.53844870595424,677.7932273471844,291.62153226374136,719.439301533977
0.0012101744055054674,899.7955102759221,601.7689505321679,318.97288589114345,252.67403835640468,380.2872065078703,598.4492022461916,227.5731450950028,387.960999579599,208.61204469034195,454.95592082278597,546.3237245256203,989.2392786176316,549.6855667951487,564.5334761631851,272.7685708059684,49.59624214656934,425.33276035210895,531.2412290813137,203.53778016356011,679.5768918645065,477.7278811391436,675.4089249252521,291.26264724529983,718.9168587331799
0.0012421747992709163,899.0460000917501,595.6325152698761,318.8403325566269,251.79613233770164,380.7849189199925,592.0279139896795,224.3730155288653,389.1898853318313,210.16278027483804,456.96659812013706,544.8996651386589,990.7087476448096,548.3789900691771,563.9003440257882,275.5646365168188,49.58474978083011,429.3177544066865,528.2620404237903,203.17205626036355,681.502037035548,481.6735828194655,673.1737567523274,290.91285629532933,718.4337100150741
0.0012741751930363655,898.2886286985344,589.5914671532511,318.6879285053283,250.91946866737553,381.2457992374592,585.6959075356104,221.2274645708254,390.3806596279815,211.7004263566077,458.9506769750961,543.5043487777874,992.1561205297772,547.1002261107617,563.2627725216255,278.33188010170596,49.566285184033866,433.2475950393833,525.3086947268532,202.81312047659608,683.4274920544974,485.5814067454382,670.9699910159289,290.55514691343683,717.9637101429255
0.0013061755868018147,897.5237658314953,583.6438729648111,318.51623549668983,250.04415499085727,381.6708286019399,579.4515852356349,218.13533754962327,391.53419947134137,213.22516824987622,460.90859485728214,542.1371837020122,993.5818138659132,545.848642862678,562.6209328975197,281.07082718149974,49.54111483963661,437.1232521165327,522.3808543385172,202.46077511864019,685.3530452905502,489.45190178215483,668.7970145265065,290.1897845035816,717.5065504162711
0.0013381759805672637,896.7517688508407,577.7878468282133,318.3258005978198,249.17029403644747,382.0609605757146,573.2933849076765,215.0955095335398,392.65135959812346,214.7371872514713,462.8407805392677,540.7975927810619,994.986233857136,544.6236251184987,561.974992097624,283.78199043799617,49.50949603412791,440.94567460203854,519.4781881132712,202.11482794131186,687.2784918650414,493.2856061135033,666.6542292415064,289.8170266415931,717.0619304137695
0.0013693463211983641,895.9932661406522,572.1700031827575,318.1227937072162,248.32058996593537,382.4083037946402,567.3762661064815,212.18376943916593,393.70535867794155,216.1979229726685,464.698507989899,539.5187237799412,996.3341496639966,543.4553535990287,561.3420181327181,286.3965935015723,49.47273419112617,444.618650991826,516.6747072604738,201.78382765442183,689.153703455846,496.98499973206594,664.595496386123,289.44706540714026,716.6406210900608
0.0014005166618294646,895.228629511061,566.6356368627878,317.9029887747,247.47244331605523,382.7242462507402,561.5380308746477,209.3196256856856,394.7263803714129,217.646915673027,466.53259945355865,538.2649762334728,997.6626145077291,542.3111814944089,560.705453554262,288.9857603451678,49.43031101635452,448.24283822142763,513.8945088691515,201.45855294218813,691.0284490969909,500.65046510885736,662.5643301077581,289.07054817137407,716.2306696775372
0.001431687002460565,894.4581566116275,561.183129383776,317.66685271062744,246.62593641822068,383.0095967097443,555.7773287848119,206.50211695436232,395.7151559855197,219.08432227441034,468.3434278206766,537.0358551462065,998.9719771687649,541.1905844796677,560.0654410791622,291.5499310381578,49.38244056233128,451.81905793657273,511.13730380599935,201.1388405299313,692.9025574444304,504.28247139974224,660.5602173001846,288.6876923882193,715.8318203625804
0.0014628573430916655,893.6821354130554,555.8109001879928,317.41484062834496,245.78114784843396,383.2651421961104,550.0928380732262,203.73030553637034,396.67239899268776,220.51029649948708,470.1313588995974,535.8308772069585,1000.262578159102,540.0930515749429,559.4221199187589,294.0895353421868,49.32932973033248,455.34811482072894,508.4028082118724,200.8245315112597,694.7758625056995,507.8814790532159,658.5826569469073,288.2987093342126,715.443823881719
0.0014987124576439686,892.7829802594377,549.7285289561601,317.10589274423495,244.81161317471225,383.52322653287575,543.6465674338154,200.59723233842396,397.73541646682565,222.1366451671467,472.16015593143027,534.4740429450334,1001.7243793369387,538.8584428115437,558.6781941712288,296.9809938357172,49.26201473127538,459.3502683056186,505.2850531647528,200.46946531295197,696.9295160526417,511.9811782802742,656.3400814394719,287.8439518317236,715.0106205108337
0.0015345675721962718,891.8772594142789,543.7480524548796,316.7771802487707,243.844559239197,383.7440152735281,537.2975051625033,197.52206280723456,398.75866089215566,223.74828969498634,474.1596642400736,533.1478314022662,1003.1622884251339,537.6529578333588,557.9302705477915,299.8411237110796,49.18832299141947,463.2922302948299,502.1965623231484,200.1211162468059,699.0816587890101,516.0384855451691,654.1312677476926,287.38166026628596,714.5910976373281
0.001570422686748575,890.965365568417,537.8672433402173,316.429340289916,242.8800884358347,383.9286040263125,531.0437744750188,194.50348096957913,399.7431341984582,225.34544890064822,476.1304065485151,531.8515618809703,1004.5767857457704,536.475881602166,557.1785440936713,302.67053097233173,49.108536439238236,467.1751451545413,499.13692818851365,199.77926308588962,701.2320635829589,520.0540604731241,651.9555098623501,286.91212714201924,714.1849067778008
0.0016062778013008782,890.0476768583235,532.0839329437142,316.06299173667446,241.91829764092518,384.07805535739834,524.8835433617014,191.54020701183217,400.68981075127874,226.92833668273394,478.07289445242446,530.5845717255831,1005.9683388694081,535.3265194708272,556.4232043573518,305.46980574909054,49.02292628297365,471.0001306668697,496.1057515504812,199.44369135311692,703.3805114592233,524.0285489616931,649.8121204209308,286.43563557003563,713.7917094400021
0.0016457587444851881,889.0309176252656,525.8260542098762,315.6389030562336,240.86245562732668,384.2032021111744,518.2063869827673,188.33976857059142,401.6896271094868,228.65503351884263,480.1797282477703,529.2225581694349,1007.4746142454858,534.0921831224445,555.5875211122245,308.51798465984984,48.92223336526767,475.1462066527816,492.80050103546023,199.08120341698904,705.7437048040443,528.3581820419379,647.4886266442395,285.9032362975278,713.3733889369995
0.001685239687669498,888.00803773852,519.6810953870809,315.19387803262816,239.81008861207116,384.2883220372568,511.6381046153907,185.20327189414724,402.64598976630674,230.36495198741858,482.2535628608906,527.8944276998544,1008.9542131491444,532.8897599958266,554.7479176671372,311.53107038794616,48.8151290313274,479.2247875265082,489.52876935470516,198.7258117887827,708.104000382636,532.6395904040993,645.2027003571101,285.363084226216,712.9700000061149
0.0017247206308538081,886.979483373533,513.6463967721782,314.72866939663373,238.76130442850786,384.3347007950983,505.176430520149,182.1291540386027,403.5600886559694,232.05835770372113,484.2950354609679,526.5993680706679,1010.4077100044065,531.7184045684958,553.904624494779,314.50978756596146,48.70193325024803,483.2372579168333,486.29005642589834,198.3772573605458,710.4611391652907,536.873580855505,642.9534983468557,284.8155195464601,712.5811310673922
0.001764201574038118,885.9456826147779,507.71937399000916,314.2440063921052,237.71620423655034,384.3435824242789,498.819157049526,179.11589800189975,404.43307837989136,233.73550999561533,486.3047686675089,525.336590151283,1011.8356629248281,530.5772971535081,553.0578649178962,317.4548405376751,48.58295271682161,487.18496783759775,483.08387299782044,198.03528966612845,712.8148724193179,541.0609422052605,640.7402012650222,284.2608706181542,712.2063831781392
0.001808671587122177,884.7754713753055,501.16919192325315,313.67568045884514,236.54356776390486,384.3101798929279,491.7808803076062,175.79291860885567,405.3685499913539,235.60544946860267,488.5312133457029,523.9519430422694,1013.4141479220908,529.3272258646477,552.1002212343944,320.73258858773613,48.442375392247385,491.55562286236875,479.5108934964901,197.65769529153425,715.4616641005813,545.7225670367295,638.2892230871064,283.62804318459115,711.8007090029366
0.001853141600206236,883.5996818756441,494.74896173358655,313.08454159064144,235.37585069845147,384.23238479787113,484.86934406188107,172.54325621705917,406.25483275328685,237.45544104382745,490.719007218425,522.6062197687844,1014.9616650473982,528.1134276778748,551.138751480363,323.96944278507175,48.29523172053464,495.84761228044385,475.9779087180933,197.28781824742424,718.1035085660752,550.3270859378174,635.8816864454328,282.98706380015346,711.4119275756515
0.001897611613290295,882.4188470740662,488.4553167547614,312.4715299956521,234.2131696486265,384.11179391126495,478.08164583462724,169.3649430034845,407.0934231486119,239.28582770289736,492.8689751411725,521.2983928488364,1016.47894325888,526.9348433032819,550.1737430577208,327.1663224752362,48.141903851360546,500.06271386092095,472.4842658628608,196.92533823197112,720.7400958819202,554.8755475099553,633.5165232953443,282.3383503010848,711.0395239459956
0.001942081626374354,881.2334757480659,482.2849948852228,311.83755328384325,233.0556325742461,383.9499474218739,471.4149647306567,166.2560742187994,407.88576873066506,241.09694372325205,494.9819213580009,520.0274668175032,1017.966688932028,525.7904488087495,549.2054733312309,330.32411894879965,47.98275624583963,504.2026565889068,469.02932748963076,196.56994687848254,723.3711301167061,559.3689747791473,631.1926986245498,281.6823044541077,710.6830004239707
0.001988319334503219,879.9966940199514,475.99678487227425,311.1570833186645,231.85764445819498,383.7395105878859,464.60866811827447,163.095291042085,408.6620727064756,242.95996653125917,497.140439882564,518.7441171309628,1019.4829916511896,524.6357590193049,548.195542825953,333.56692145087123,47.81148364060956,508.42926721029175,465.47742854316175,196.2076275109707,726.1005584152811,563.9837288815871,628.81926120072,280.9928189034819,710.3286292565474
0.0020345570426320843,878.7560479378694,469.8350503886585,310.4558415530566,230.66542741837364,383.48767927598453,457.9272504544563,160.00559408690432,409.39141147906,244.80286390501954,499.2606378712527,517.4985714459027,1020.9688530836382,523.5158914049349,547.1826640010357,336.76934520528613,47.63466561133587,512.5782747936835,461.966016267317,195.85233143650694,728.8233789470669,568.5411573772684,626.4883404332445,280.2962385254872,709.9903864783912
0.002080794750760949,877.5120298284498,463.7964661427501,309.73474165731574,229.4790756179413,383.19599884529924,451.3678079316347,156.9850496071569,410.0752519655592,246.62598268528947,501.3433498510301,516.2898154407476,1022.4249959048818,522.4298107581141,546.1671150314824,339.9323012907958,47.45265562468869,516.6514619102828,458.4944235828188,195.50375118047896,731.5393059007591,573.042325959726,624.1988801224188,279.5929622318345,709.6677695741996
0.0021270324588898142,876.2651087683467,457.87781155263554,308.9946647013508,228.29867520482458,382.86595915186484,444.92751942956113,154.03178637413788,410.7150122318085,248.42966098673435,503.389389215753,515.1168667871897,1023.852120264538,521.3765167870214,545.1491639385274,343.05667279224076,47.265790221077246,520.6505614955189,455.06199914033743,195.16159113477843,734.2480671888803,577.4882740659256,621.9498570539829,278.88337320229715,709.3602930460016
0.0021702583800939715,875.0971763918294,452.4503903096968,308.2863815295514,227.20061430061276,382.5239920594456,439.0120739879076,151.33014117716954,411.2744445353439,250.09856192329235,505.26968844527113,514.0518646174359,1025.1606419138063,520.4206304915505,544.1955743910736,345.9433923610836,47.0869883861305,524.3236545520153,451.88801406664885,194.8472740445837,736.7736793223254,581.5955804553704,619.8830244415532,278.2146200681361,709.0861238501826
0.0022134843012981287,873.9274417676099,447.12259401229744,307.5629230340112,226.10788122922764,382.15088144715907,433.19619696740216,148.68428834316313,411.79762997476,251.7510224001979,507.1192589627149,513.0165742684895,1026.4449334710632,519.4917934270597,543.2403131438658,348.7978157526467,46.904471573271216,527.9348055179187,448.7471968392144,194.53809740182479,739.2926037522737,585.6563191699607,617.8498826022792,277.54095872065244,708.8244083465014
0.0022567102225022864,872.7562350849329,441.892027894941,306.82493540952044,225.02052896061585,381.7477181245672,427.477770639633,146.09284135724434,412.2856164725721,253.38729857227722,508.93871602997166,512.0102655117812,1027.705517790447,518.589267516849,542.2835756941857,351.62060180990295,46.71847755288153,531.4853170480886,445.6390502857722,194.23384659722416,741.8046500103418,589.6712796419583,615.8496696085199,276.86266648762484,708.5747887731982
0.0022999361437064437,871.583871782262,436.7563662614118,306.0730433985108,223.93860558492233,381.3155569416355,421.854732442787,143.55445461025928,412.739419829029,255.00764080630302,510.7286606130562,511.03222918564046,1028.9429029510407,517.7123374390269,541.3255507840279,354.412390968578,46.5292334351734,534.9764585508086,442.5630878308182,193.93431478287212,744.3096365063163,593.6412335612305,613.8816452338809,276.1800105352077,708.3369184504171
0.0023471436139190414,870.3025532127531,431.2534230483092,305.23671938999996,222.76327878210313,380.81165904568303,415.8203654986487,140.84133924070508,413.19712869724816,256.75931761138895,512.6504516445796,509.9955950950323,1030.2683422012815,516.7830598578363,540.2780249118127,357.4266533024329,46.3190997259519,538.722799011493,439.24000467480204,193.6123500412614,747.0370903573446,597.9263320143783,611.7682728640257,275.4297917773741,708.0901659512394
0.0023943510841316386,869.020584374873,425.8581341299597,304.3852882347498,221.5945287802289,380.27566744936536,409.89483294618543,138.18830993828007,413.6164782993944,258.49259201414395,514.5384861600568,508.99099297455217,1031.567325003552,515.8826135389052,539.2294079445174,360.4054737351105,46.10561627105854,542.4013679193536,435.95413314906955,193.2955274361672,749.7557061788647,602.1596083574707,609.6915275547763,274.67499561646036,707.8566050147557
0.0024415585543442362,867.7383182171006,420.5677389613702,303.51948023594434,220.43239998424906,379.7088149928642,404.0756634726597,135.59377439536223,413.9986664192036,260.20776716127926,516.3934896000187,508.0175812114769,1032.840457393536,515.0101556702631,538.1799189024816,363.34961542026326,45.8890385407043,546.0136881751804,432.7048801833598,192.98360781786175,752.4652828490305,606.34199808633,607.650529131195,273.91593030263505,707.6358277142612
0.002488766024556834,866.4560903837355,415.3795617516396,302.6399994727617,219.27693130079385,379.1122912554036,398.3604542588566,133.056190051455,414.3448515933644,261.9051390543913,518.2161694596878,507.0745439954158,1034.0883272884842,514.1648710055289,537.1297684910438,366.25981895259633,45.669609525711536,549.5612412790083,429.4916660476015,192.67636145017292,755.1656298563171,610.474414381391,605.644424008451,273.1528919087539,707.4274395230996
0.00253814667279016,865.1152210723172,410.0591207017497,301.70613641232273,218.07543434216169,378.45779788357083,392.4908621230821,130.46111379434302,414.6696606983899,263.66191072343213,520.0889137084429,506.1197411034109,1035.3672284243216,513.3088978666782,536.0307863716212,369.2684548568036,45.43727834559341,553.2043597242317,426.1684827737587,192.3597330372974,757.980215216355,614.7445550480846,603.5824103040986,272.350783428188,707.2223027957748
0.002587527321023486,863.7750848806676,404.84482135877283,300.7588003443934,216.8812937862011,377.77335255054527,386.7298741815618,127.92506999678535,414.9575361177059,265.3998401863553,521.927811120427,505.1964347548816,1036.6197450613756,512.4809264001377,534.9315234836697,372.2415386025595,45.20233002700622,556.7797865279914,422.883478825998,192.04773575610358,760.7843125471938,618.9619840730381,601.5567547687499,271.5449486694256,707.0298851550604
0.002636907969256812,862.4360074479508,399.7338843017598,299.79870958736984,215.69453660843985,377.06017057178104,381.07496981082846,125.44646091948542,415.2096723102154,267.11924180106683,523.7336095098309,504.3037776000585,1037.8464915309996,511.6801161709685,533.8321926363276,375.17984312614874,44.96500223106407,560.2890777046994,419.6360346287784,191.74013817921536,763.5777402759941,623.1276713619372,599.5665687843625,270.7356855385522,706.8497804841427
0.0026862886174901382,861.0982974885094,394.7236171641868,298.8265556668517,214.51518465907407,376.3194236962259,375.52369960088765,123.02373950290605,415.4272236247572,268.8204225134558,525.5070377932849,503.4409487454116,1039.0480635714798,510.90565470344154,532.7329980905585,378.08411820769044,44.72552044717301,563.7337460903907,416.42554468936584,191.4367184100316,766.3603274159616,627.2425632946956,597.6109910121097,269.9232797431798,706.681596235633
0.0027317186338572537,859.8690668170013,390.20086139583657,297.9220947817093,213.43673984784974,375.61456236652265,370.50603596746964,120.84291919428335,415.59778224643765,270.36966719154367,527.1106058261441,502.67281080660166,1040.1317686377745,510.2157502535388,531.7220314200937,380.7266109822219,44.5034792502971,566.8470169515501,413.50403452828846,191.1610807295222,768.9105859808398,630.984179968222,595.8417152352171,269.1733285377313,706.5370701232241
0.0027771486502243693,858.6414541581138,385.7591405915779,297.00848469955264,212.36458658076987,374.8881699337345,365.57227388441885,118.70700841043455,415.74084980503056,271.90397077305306,528.6879147676322,501.9286475366936,1041.1950926477111,509.54689326984305,530.7114915011942,383.3414662877404,44.279953470988815,569.907948148498,410.61285030202305,190.88864101437068,771.4514173540146,634.6842864395362,594.1003953561653,268.421152577891,706.4020280878311
0.002822578666591485,857.4156630675869,381.3965446756693,296.08620659899344,211.29873140194212,374.14106414347714,360.7206590036168,116.61491224253142,415.85723895174345,273.423555985606,530.2394903763953,501.20787653239216,1042.238460996371,508.8985114461811,529.701518717277,385.92921881692826,44.05509341316648,572.9176243769583,407.75155023589474,190.619246926516,773.9827118048295,638.3435687786576,592.3864187724206,267.66694798230026,706.276194037251
0.0028680086829586007,856.1918870761539,377.1112175583321,295.1557251483439,210.23917798596605,373.37403615745666,355.9494816465631,114.56556703469009,415.94773758349237,274.9286408932432,531.7658463770451,500.50993177785733,1043.262287587855,508.2700496389481,528.6922481509307,388.4903889116871,43.829042220084496,575.877103158965,404.9197015091862,190.35275194808577,776.5043659991499,641.9626980960883,590.6991897788781,266.9109034749367,706.1593002049291
0.002922793429498559,854.7190564617929,372.0436928929045,294.023367911152,208.96982920677124,372.4236506801213,350.300471393795,112.14962865165703,416.0235172324917,276.72466186806855,533.5736697276144,499.69785049636823,1044.4715154711196,507.5379103479145,527.476271215507,391.54430447943366,43.55505222812537,579.3806791840288,401.5433024097838,190.03503824478807,779.5323082350707,646.2745859506564,588.699289546919,265.99698752453423,706.0298596756933
0.002977578176038517,853.2497239832314,367.0828578293865,292.8804869870778,207.7096421108958,371.4466922241988,344.76318081522135,109.79261070763788,416.0640457999269,278.50027101546186,535.3464022781482,498.91723255635833,1045.6535960315268,506.8330477024949,526.2617210037351,394.56115932194086,43.27975325685539,582.8145085880815,398.20838882809005,189.7211005450165,782.5459341451603,650.530157784661,586.7364617767581,265.08096274189626,705.9126050816099
0.003032362922578475,851.7841729667989,362.22575527629533,291.7278063493785,206.45860811854564,370.44439947373274,339.33485911194475,107.49282220317853,416.07056794199394,280.2558243483864,537.084876419199,498.1671760395583,1046.8091935734535,506.1545835997,525.0488046788723,397.5417873871518,43.00335804967528,586.1802946080047,394.9142505854035,189.41071402014225,785.5450988369499,654.73050709657,584.8097546111544,264.16311897956047,705.8071135708362
0.003087147669118433,850.3226696543667,357.46952594754134,290.5660203123054,205.21671402980775,369.4179640166468,334.012837426731,105.2486282676084,416.04428378813014,281.9916693199735,538.7899022404023,497.44680865948663,1047.9389514783115,505.5016706130926,523.8377198771032,400.4869965649037,42.726067084424514,589.4796905260267,391.66019427993126,189.10366416802427,788.5296685276548,658.8766995427306,582.9182468194558,263.24373308759095,705.7129771284862
0.003145935978697899,848.7591463321086,352.4747784411917,289.309961314101,203.8942105110525,368.29096443207277,328.41718472889454,102.90047562748902,415.9809029151295,283.832830453227,540.5832193271507,496.70586250830917,1049.1232386657941,504.82853586267834,522.5403819904466,403.60893017140137,42.42773013835419,592.9481792586056,388.21214934515524,188.77765503928075,791.715972909192,663.2668309573579,580.9266493658797,262.2557444537788,705.6241449716974
0.003204724288277365,847.2008543028221,347.58971691389274,288.0449668573297,202.5821837580782,367.1388321014579,322.9378639646789,100.61264587855499,415.8824470317013,285.65209465471133,542.3398703146763,495.997129572739,1050.2792345938365,504.1829139623481,521.245589247041,406.6919138443931,42.128796711801215,596.3439832828712,384.80866271353017,188.4550139441615,794.8851948551887,667.5970428902923,578.9734956070056,261.2665924402558,705.5474700031551
0.003263512597856831,845.6480589191252,342.8111646528971,286.77178712898433,201.28060167061588,365.96286424871334,317.5718772177713,98.38332644965409,415.7502360498866,287.44985903019233,544.0607718686492,495.319640440993,1051.407660696332,503.5638708717035,519.953550494305,409.7368518113417,41.82947145369059,599.6689615877651,381.44893780961377,188.13551346062144,798.0372111484807,671.8685494813562,577.0577582371578,260.2765711978133,705.4825034090921
0.003322300907436297,844.1010076562504,338.1360545504871,285.49113944616096,199.98942768644605,364.7643064723692,312.3163196482336,96.21076721773876,415.58554038479093,289.2265108993501,545.7468149633784,494.6724588556588,1052.509214887541,502.97050648435544,518.664464015459,412.7446190213477,41.52994614974041,602.9249162629651,378.13219754796205,187.81893744651018,801.1719104516278,676.0825327215085,575.1784442916929,259.2859607697921,705.4288127515866
0.003373960673753779,842.74647042858,334.1108834891431,284.3601578376746,198.86337772865465,363.69337925175574,307.7869677362679,94.34716637088283,415.41496680016724,290.7706008237467,547.2003219959428,494.12805586321576,1053.4555507117036,502.4696038920141,517.534274659767,415.35765807170486,41.26671745995268,605.7304663194317,375.2525193982267,187.54300071266982,803.9121307307871,679.738964745335,573.5563185522428,258.4151933494748,705.3906116438014
0.0034256204400712606,841.3966886209848,330.16136565773115,283.2243824201169,197.74530283675819,362.60670473938615,303.3388658468969,92.52498797396701,415.2210488469356,292.2989288723212,548.628149216314,493.6057665751638,1054.3821027153265,501.987295807939,516.4066302471873,417.94320411874656,41.00358667404056,608.4852133022937,372.4049449640345,187.26903213639034,806.6388439163961,683.352626106332,571.9609483227642,257.544347263357,705.3605254699442
0.003477280206388742,840.0517965293515,326.28561976751814,282.0842401832163,196.63517060047465,361.50503149838045,298.97021338980926,90.74316039903115,415.00455773012027,293.8117393608897,550.0308525211548,493.1050164880545,1055.2893031562157,501.52303428522373,515.281645688349,420.5017980129583,40.74066132769203,611.1902752034817,369.58898188687743,186.99690563814403,809.351997177673,686.9242595481224,570.3917221307235,256.6735863912321,705.3382915339539
0.003528939972706224,838.7119198510634,322.4818205165829,280.94014152919067,195.5329466745684,360.3890821150119,294.6792579180231,89.00064383081767,414.76623954461894,295.30927147362155,551.4089742787099,492.62524802791785,1056.1775723031778,501.07628856340307,514.159430551783,423.0339656248938,40.47804281654623,613.8467404901933,366.80414807205585,186.7265007534118,812.0515435209624,690.4545909201727,568.8480460491583,255.80306760030444,705.323655435147
0.003596341282655742,836.9714939730851,317.6241929201303,279.44211944295733,194.10668762716344,358.9127693616926,289.1947821823381,86.78459548379631,414.4236751664358,297.2405407503863,553.1709461701115,492.02993958876317,1057.3087234293218,500.51889992075286,512.6995942100514,426.2988371191105,40.13601879071237,617.2413569599946,363.21675372310574,186.37609836968343,815.5531596728075,694.9997439342953,566.8714497560078,254.66789880499334,705.3155770245613
0.00366374259260526,835.2400401969196,312.8822414470298,277.93886488613396,192.69374392606804,357.4148151003793,283.8360068153969,84.6315969434082,414.0467175106006,299.14670585592125,554.8931103627524,491.4682709856327,1058.4092220120324,499.98935958245966,511.2448666137164,429.5206905255796,39.7948759706732,620.5573254430002,359.6805238369504,186.0281907481936,819.0314689525925,699.477326463515,564.9361302299942,253.5337108672448,705.3194899442763
0.0037311439025547784,833.5177736580739,308.2523192016926,276.431169337279,191.2940263475368,355.8966308746917,278.59939159998385,82.53957379735007,413.63684010719663,301.02825939697976,556.5765696071375,490.9391275992302,1059.4799169369999,499.4866153961178,509.7954517524478,432.7005858143331,39.45479662966427,623.7968466018614,356.1944614727621,185.6825510507014,822.4864111046214,703.8888262091205,563.0408954285393,252.4008005688683,705.3348910691036
0.0037985452125042962,831.8048904188288,303.7309158025106,274.9197844651097,189.907441850511,354.359566699416,273.4815153481422,80.50652847149202,413.19545596890447,302.88568119290034,558.2223928895289,490.44143599376275,1060.5216275037415,499.00965644945967,508.3515408962823,435.8395461824608,39.1159491438626,626.9620479748828,352.757595867995,185.33896564604225,825.9179390775001,708.2356883734382,561.1845962088304,251.2694483022159,705.3612970778827
0.0038542663383160604,830.3960470178431,300.07257977261753,273.6680329276434,188.77099048624422,353.0755225335492,269.33783907613787,78.86896448512188,412.80773207433964,304.40333501454666,559.5553234761818,490.05300532174283,1061.3614950631513,498.63413242415504,507.1621323622975,438.4043399245647,38.836861928868274,629.5240860116512,349.95278939685704,185.05632999963308,828.7371049000033,711.7814610028638,559.6785926797205,250.33551509528115,705.3911079834776
0.003909987464127824,828.9938249781675,296.48426572543286,272.4146290076599,187.64339230344896,351.78014718032546,265.27125099800134,77.26935287294187,412.4001321007622,305.9050718297027,560.8638050287451,489.6848025820675,1062.1825275140832,498.27504324776345,505.9767013887738,440.94237136732045,38.55880329427209,632.0378582242,347.1804380558899,184.77485494509128,831.5402352307601,715.2847872470987,558.1978390047592,249.40296697433803,705.4278731588015
0.003965708589939589,827.5983054671137,292.9641918340589,271.1599389307489,186.52458962565308,350.47410905602095,261.27999485134904,75.70668117410025,411.9733642319741,307.39114300602364,562.1483895201376,489.33628257649104,1062.9851458434014,497.9318799914354,504.79533690167466,443.45416499252724,38.28184872513875,634.5044575465995,344.4400312318211,184.4944392804908,834.3273243044132,718.7464201085321,556.7417489185175,248.47193757459954,705.4713499558219
0.004021429715751352,826.2095626038058,289.51063050311126,269.9043133805965,185.41452361308956,349.1580524427135,257.3623623003256,74.1799674659658,411.5281128023055,308.8617946464196,563.4096150497534,489.0069164784764,1063.7697593069229,497.6041500073731,503.6181228671307,445.9402306315975,38.006068622691934,636.9249473754676,341.73106906489767,184.21498686969613,837.0983713399921,722.1670951771855,555.3097532179252,247.54255421516908,705.5213035550983
0.004095989769481048,824.3620103308185,284.99058516540333,268.22328695859494,183.94271406904141,347.38244741810547,252.23249189329925,72.19168185857973,410.90455634405856,310.8059607361516,565.0616211806993,488.5952672737911,1064.7921714045108,497.18893332040915,502.049529829125,449.2274318009563,37.63899947672989,640.0934537277844,338.1545638029386,183.84240276606027,840.7812049623154,726.6814540149713,553.4303418151345,246.30173674783933,705.597884686289
0.004170549823210743,822.5268488972706,280.5827783512734,266.54194482092066,182.48629341282242,345.59142493681577,247.2276297764147,70.26388760414177,410.25060076386984,312.7235102121188,566.6739551888251,488.2158150191695,1065.7839800275406,496.7994044413206,500.48868408385164,452.47060004125495,37.27429320739007,643.1836443162289,334.6323408907495,183.4711766948811,844.4353500025569,731.1254346597558,551.5918074808253,245.0643537875241,705.6851367556354
0.004245109876940437,820.7041977789831,276.2835020726086,264.86100450258556,181.04511258851497,343.7863306924364,242.344066537782,68.39447977318504,409.5676946769109,314.6149891518713,568.2477919124514,487.8674238150077,1066.746075259697,496.4345148718844,498.93574695004503,455.6708414716984,36.91207985537898,646.197829650268,331.16328724003773,183.1011183984018,848.0608461935997,735.5006591240356,549.7929216379819,243.83065930711308,705.7825615161511
0.004319669930670133,818.8941598421436,272.089193518779,263.18114284224674,179.61902044323273,341.9684479341927,237.57822292424495,66.58143439705994,408.85722380520906,316.48092914613943,569.7842681848242,487.54900147538353,1067.679315263344,496.09325893622565,497.39086695529573,458.82922260413113,36.55247703075524,649.1382398910379,327.74632006539065,182.7320505312018,851.6577452287714,739.8087012260144,548.0325015840754,242.60089124122084,705.8896811735675
0.004384616452383626,817.3278450675064,268.51856036253093,261.7192517270578,178.38898027604358,340.3754817946578,233.52011372822463,65.04657635930688,408.21692554815013,318.0858713972929,571.0930456046126,487.295240695137,1068.469358240286,495.8145141500377,496.0518497058391,461.54706156474697,36.24144973141328,651.6410786354686,324.8115489461897,182.4112483980417,854.7676197657005,743.5077203004028,546.529523793925,241.53305690737395,705.9905348152467
0.00444956297409712,815.7712083499399,265.0228069497661,260.2590578044714,177.1701700770805,338.7744986908837,229.54650719610615,63.55178006790931,407.5575500672667,319.6721597821608,572.3750090926357,487.062757865449,1069.2386647159042,495.55236378930954,494.7191298851457,464.2345746772252,35.93254580321751,654.0909426846445,321.9148199268743,182.090972476854,857.8558974036439,747.1579009543328,545.054144913206,240.4685052540764,706.0981104659278
0.004514509495810613,814.2242860136126,261.5998348060133,258.8009371469273,175.9624868974869,337.1662307380016,225.65526920836854,62.095855120167684,406.87990076198804,321.2401187118298,573.6308397725235,486.8509091722953,1069.9877478557414,495.3062210547242,493.39278267005636,466.8923978977558,35.6258221276427,656.4891624985308,319.05546970750805,181.77112832078677,860.9226353868034,750.760197045621,543.605663847175,239.40736426783602,706.2121303887538
0.004579456017524106,812.6871071504471,258.2476156140142,257.3452466482142,174.76582727369967,335.55138032705133,221.84432948863127,60.67765029856683,406.18475096259226,322.7900652860394,574.8611997523104,486.6590719515325,1070.717105358376,495.07551971188957,492.0728772629846,469.5211479348536,35.32133017440503,658.8370290137417,316.232850237616,181.45162741650293,863.9678962629306,754.3155383285933,542.1834017345195,238.34975448867786,706.332326676912
0.004653405394186232,810.9487338262927,254.51436866423174,255.6911565574079,173.41657635423203,333.7055169479282,217.6003345040134,59.1073689438784,405.3728758472925,324.5333275457445,576.2319166480635,486.4642428775913,1071.524163743861,494.8309468921213,490.57793007306367,472.4796565903594,34.97740533530454,661.4506393370398,313.0628757074161,181.0881508169674,867.4092287771898,758.3077017966331,540.5950738677902,237.14998152700872,706.4763775553693
0.004727354770848357,809.2230377091512,250.86753118034468,254.0411233670695,172.08132810210722,331.8529296762695,213.45498162845357,57.58297424609155,404.540323122803,326.2540835650943,577.5713616697535,486.29372454042664,1072.3069642970297,494.60491583494274,489.09149954793253,475.402100771463,34.63649367574228,664.0023748245167,309.9387883078237,180.7248999215922,870.8229167730532,762.2414627335163,539.038951643716,235.95508684331799,706.6277384173784
0.004801304147510483,807.5100269049616,247.3044243695586,252.3955885362076,170.75992824386734,329.9945154777914,209.40550409508774,56.1029477168232,403.6880976265526,327.9527670002463,578.8804232551354,486.14669386720954,1073.0661744471515,494.3966856402197,487.6136606932392,478.289305356929,34.298648076210995,666.4939615040614,306.8596989180002,180.3617706060268,874.2090783313412,766.1180836566548,537.5141325432829,234.76521395158366,706.7860601108889
0.0048752535241726085,805.8097007857489,243.82246817259139,250.7549673013475,169.45222249052878,328.1311307077115,205.44922630191078,54.665825742314155,402.8171625331352,329.6298008283649,580.1599623656916,486.0223575178262,1073.8024395512768,494.2055439575081,486.1444805074306,481.1420678585573,33.9639146045718,668.9270688568479,303.82474097464825,179.9986665987129,877.5678380194573,769.9387919781892,536.0197454917691,233.58049645905692,706.9510070652768
0.004938493177812681,804.3656774080857,240.90728645059522,249.35614028053746,168.34465155977352,326.5342795309562,202.13789704616354,53.46980838041004,402.05821352544876,331.0470952607706,581.2314012695705,485.9334546675767,1074.4143456238985,494.05512526311617,484.8949869866861,483.5549396753597,33.68015732119358,670.9626295661643,301.26368997845566,179.68810276039153,880.4185291965828,773.1627132286975,534.765289371224,232.57153776805467,707.0970792833818
0.005001732831452752,802.9309097250654,238.04814153352956,247.9614197445495,167.24688616054698,324.9348703439407,198.89127330462128,52.30329242453178,401.2868064033079,332.4491090594276,582.2823624684321,485.86013050961776,1075.010306745433,493.9162948378954,483.65190068815565,485.9436537091559,33.39872580336072,672.9575782657971,298.73377924944435,179.37744219373022,883.2493647042014,776.3473415377365,533.5319671841889,231.56651024424727,707.2475696898686
0.0050649724850928245,801.5053811279231,235.24358414692426,246.5710221855544,166.1588301137298,323.33336695437555,195.70783480309996,51.16545689678366,400.50347308232364,333.836088045383,583.313336668062,485.80193903728093,1075.5906911440927,493.7886563632806,482.4152499854882,488.30866386397264,33.119638115428735,674.9128638881853,296.2345035924159,179.06663773623484,886.0604345453627,779.4933852641099,532.3192862801886,230.56548027434206,707.4022924188935
0.005128212138732897,800.0890715130865,232.49220990261213,245.1851525329465,165.08038753575156,321.7302149401543,192.58610331600175,50.05550586167307,399.7087267431398,335.2082729586617,584.3248016763314,485.7584477907878,1076.1558569624037,493.6718264522258,481.18505977754654,490.65041152072394,32.842909571576385,676.82940922754,293.76536848166575,178.75564558489336,888.8518313360012,782.6015362715817,531.1267683604559,229.56850993175684,707.5610677648115
0.005200234203826922,798.4872685584753,229.42178392501052,243.61258044967448,163.86376311111118,319.902957987931,189.1041707943808,48.82439336889494,398.790337347295,336.75330122425913,585.4535633535688,485.7262884249995,1076.781418205389,493.55146591412506,479.7919222259033,493.2895828753039,32.530639543247375,678.9660714305339,290.9894253993773,178.40118461185537,892.0070451351465,786.0960396695168,529.7926067405471,228.4381025100291,707.7466090114358
0.0052722562689209475,796.897349270453,226.4166381427691,242.0463994932631,162.65934306542118,318.07471366451495,185.69835820663766,47.627353007731706,397.8584850681561,338.27978578203795,586.5582880821779,485.71205600612234,1077.3881916475589,493.4441195119677,478.4072176712755,495.8997527540319,32.221460241807755,681.0549311901149,288.25124888573464,178.04637352268549,895.1370126194902,789.5432417255954,528.483332649005,227.31311288624406,707.9369368110957
0.005344278334014974,795.3192665124926,223.47490094906956,240.48686072709123,161.46698750910076,316.2460533410484,182.36667379459985,46.46332550968888,396.9138420646424,339.7880582063034,587.6396211699742,485.7151737192617,1077.9766619991747,493.34928117909885,477.0309670694927,498.48151723377697,31.915382522355603,683.0972322253042,285.5501559987084,177.69116270585633,898.241883631963,792.9440887793166,527.1983042764634,226.19361259167724,708.1318150605433
0.005416300399108999,793.7529690664436,220.59476480420665,238.9341992672011,160.2865574150737,314.4175231401424,179.10718664221739,45.33128721657355,395.9570541949443,341.278442538115,588.6981890795802,485.7350840723705,1078.5472993467206,493.2664630766098,475.6631867196489,501.03545431203725,31.612413790054653,685.0941803740517,282.8854797807532,177.33550700441052,901.3218110545174,796.2995028470983,525.9369004162382,225.07966737567608,708.33101629503
0.0054855240016985956,792.258585189753,217.8829751450978,237.44855251381978,159.16310447413608,312.6606449195478,176.04065510148735,44.27246770874175,395.0265713323213,342.6943518470225,589.6947339086779,485.76954771327297,1079.07938138373,493.19775650561485,474.3565457029144,503.4644510286721,31.32415086807292,686.9718772552419,280.35805676583857,176.9932136776968,904.2587037459352,799.4825552968817,524.7462162480376,224.01429566748436,708.5263494155909
0.005554747604288191,790.7749818566949,215.22498914501307,235.96964245302195,158.05041868360897,310.90480247431134,173.03748513861777,43.24144463170593,394.08596679332703,344.09430206371565,590.6713306629799,485.8185670333908,1079.5958035715385,493.1393216357686,473.05774610327694,505.8687407028635,31.038764477957596,688.8097595708881,277.86310822506374,176.65043972013848,907.1728409316961,802.6252416569209,523.576285750281,222.95415816364036,708.7252891482049
0.005623971206877788,789.3021016889749,212.61936194986987,234.4976385295581,156.94837904249295,309.15041327975393,170.09611589144845,42.237401161753525,393.1357470732598,345.47856110754253,591.6284865435241,485.88169605968176,1080.0969478984778,493.0907726290385,471.76679063417555,508.2487920594848,30.756253079171756,690.6088022772972,275.40008116360644,176.30715612400604,910.0643671768805,805.7283188958465,522.4266086835685,221.89929810800754,708.9276565770639
0.005693194809467384,787.8398849195158,210.06469518334484,233.03269905822705,155.85686549805877,307.39787687172026,167.21503127732302,41.25954635143109,392.1763998600469,346.84739118302787,592.566694699547,485.9585028589469,1080.5831856172417,493.0517367837694,470.4836788569744,510.60506057994803,30.47661297425682,692.3699524054749,272.9684347108732,175.9633368621202,912.933428784945,808.7925257384754,521.2966998389387,220.84975479173664,709.1332790031578
0.005768624012065214,786.2586523551992,207.33744895611986,231.44464866943838,154.67934657077257,305.4907859476264,164.14258107718135,40.22295276850908,391.12120740456703,348.3216653563943,593.5679975138335,486.0572783240869,1081.0964642983365,493.0196124522071,469.094466878426,513.1460002911764,30.175166300396842,694.24691757388,270.35390791483775,175.58805914110934,916.0342885764165,812.0880157579148,520.087454839061,219.71221806086572,709.360846449873
0.005844053214663044,784.6899202921484,204.6674184681362,229.86533635606315,153.5140313281614,303.58681089417837,161.1381204496475,39.215594835528016,390.0563133016621,349.7782478621291,594.5479705883345,486.1712770672786,1081.5929254237171,492.9979116368267,467.71455431928024,515.6597823097215,29.877111580845558,696.0811333220155,267.77534319486193,175.21209251261314,919.1088473463583,815.3391160836607,518.9005348087253,218.58107513316227,709.5918761118877
0.005919482417260875,783.1336002944438,202.052974578958,228.2949244925483,152.36076843351134,301.686394266164,158.19986334472227,38.23655295550493,388.9822742082659,351.21745467990957,595.5071953672093,486.2999955253684,1082.0730088465505,492.98620503937565,466.3439283213589,518.146945386271,29.582436211758697,697.8737155016524,265.2320869978476,174.83541477660336,922.1573023904102,818.5467106812783,517.7353701034921,217.45636078561688,709.8261702952049
0.0059949116198587055,781.589601876798,199.49254364470275,226.73356273967815,151.2194080856714,299.7899578699178,155.32607794591624,37.284938364400176,387.8996247340472,352.6395946697023,596.4462361167042,486.44294690111377,1082.537141375518,492.9840788674553,464.9825725801268,520.6080122552805,29.291125425997702,699.6257460938912,262.7235009853111,174.45800696129868,925.179852393076,821.7116609820712,516.5914091482605,216.33810542319492,710.0635386059196
0.006072347099567031,780.0172544868184,196.91860628984065,225.140229126421,150.05991563350776,297.8476365809826,152.44116445700715,36.33564708967547,386.7797574957719,354.08212304611504,597.3898294984848,486.60401436055446,1082.9974605577909,492.9914463003025,463.5946294903708,523.1079240578937,28.995548472527144,701.3832916893667,260.18360261549856,174.06978516131403,928.2560602843876,824.9173115972263,515.4385189244666,215.19685189319685,710.3102276645402
0.006149782579275357,778.457689434756,194.39841198013445,223.55671218351105,148.9126522477565,295.9103362804015,149.62067646675817,35.4134679282091,385.65188367168463,355.5073000790111,598.3132980020255,486.77909772627186,1083.4418401324374,493.0080799748218,462.21640989811254,525.5813989162579,28.70347913129206,703.1003000742021,257.6789272308466,173.6807641474549,931.3053981829546,828.0797855327858,514.3068555383314,214.06245485946155,710.5597759883814
0.006227218058983683,776.9108002241884,191.93043260079546,221.9831345791198,147.77746094621358,293.9784425950205,146.86291295066698,34.51754008606007,384.51651064698115,356.9154363395443,599.2171958469542,486.96772402697843,1083.8707020174206,493.0335832211324,460.8478852405285,528.0289529189921,28.414895118238842,704.777834121444,255.20883112624327,173.29093349296434,934.3280868624786,831.1999427946612,513.1958789140847,212.93493260920195,710.8120024095999
0.006304653538692009,775.3764791798376,189.51319208039425,220.41960765730053,146.65418658149784,292.05232227763827,144.16622451158776,33.647031685816245,383.37412551346995,358.306835404421,600.1020607354001,487.16943603231044,1084.2844556821253,493.06757377336214,459.4890240491731,530.4510869399444,28.129772513627763,706.4169244168596,252.77268559353854,172.90028546937447,937.3243477187335,834.278621499013,512.1050660449013,211.81429966073426,711.0667325139411
0.006388975736345768,773.7198683942161,186.93701851866234,218.72857613481688,145.44438813503524,289.96187115472446,141.29730362343972,32.72707969936684,382.1227110570862,359.8032886051921,601.0445818751018,487.40345506801515,1084.7182880509536,493.1138120870124,458.020262681071,533.0602901096435,27.823199375815065,708.1592293148072,250.15777674367757,172.47396006840077,940.5572844333277,837.5848805664784,510.9395836968549,210.60185044452348,711.3467699811642
0.006473297933999527,772.0778852865201,184.4175537561733,217.04969509410603,144.24834313993603,287.8790929388692,138.4969194736494,31.83532578541656,380.8641072242968,361.2806188883948,601.9657997634547,487.65192028130934,1085.1351736991205,493.16922651715777,456.56287040391385,535.6405345800351,27.520665361472982,709.8583758984039,247.5816238331846,172.0466570140159,943.7594373665557,840.8439463622027,509.79678090034344,209.39759020126033,711.6293731152551
0.0065576201316532865,770.4503835993502,181.95309280422993,215.3830655063955,143.0658586322281,285.80438145406663,135.763144527255,30.97081220972954,379.5988623813051,362.73918973149284,602.8663421886499,487.91430335171117,1085.5355945333379,493.23338194677683,455.11679529717384,538.1924094391234,27.222133811231192,711.5155686482408,245.04347188013446,171.6183766843605,946.9310965136693,844.0568150958313,508.6760481435004,208.20152205889582,711.9143451345167
0.006641942329307046,768.8372166803489,179.54199200664752,213.7287757888336,141.896744312281,283.73810917284277,133.09411302874312,30.132615237196728,378.3275015160617,364.1793559721409,603.7468170176576,488.19009451404133,1085.9200174693626,493.3058600106786,453.6819824619197,540.7164855616907,26.927566614703085,713.1319733550381,242.54258456542388,171.18912220787553,950.0725516496498,847.2244562139417,507.5767962003313,207.01364515830093,712.2014970555641
0.006729779041135055,767.1718959845572,177.0854375572666,212.01873903797255,140.6929170969997,281.5950619304331,130.3807444317081,29.286513029234534,376.9971847623873,365.6603486472291,604.6432814403138,488.49111082299686,1086.303938463774,493.38977905572256,452.1992803973966,543.3167990640101,26.624894856387815,714.773588124938,239.97631390959657,170.74094747499132,953.3131368085377,850.4770434780125,506.4539578756149,205.784962026834,712.5027421632022
0.006817615752963065,765.5217986199738,174.68335025720938,210.32224595787312,139.50318497910192,279.461914034468,127.73370746655559,28.467042328258955,375.66131153371606,367.1221257861918,605.51924658073,488.80561154460315,1086.671485918833,493.4818631784998,450.7286666363009,545.8881532713241,26.32643559734805,716.3733942378167,237.4489081438812,170.29173238011685,956.5215925430281,853.6826106485391,505.35319127024036,204.5651497074704,712.8059639676327
0.006905452464791075,763.8867543125511,172.33407497824805,208.63935603389825,138.32734189130946,277.3390078478182,125.15110082376765,27.67327688875498,374.3203952232448,368.5650582103278,606.3753306559885,489.13308335421027,1087.0231393607137,493.5816982344515,449.27006919775437,548.4311345670818,26.032141471978345,717.9325797849365,234.9595953480729,169.84148952284275,959.6982476818483,856.8421634208877,504.27389733262083,203.35419277294972,713.1109774026943
0.0069932891766190846,762.2665933849031,170.0360168265921,206.97011728812143,137.16518490505473,275.22666562662647,122.63108486036474,26.90432383465177,372.97492680197433,369.98950781306274,607.212131838852,489.47303117295087,1087.3593632590369,493.68888633744746,447.8234136603432,550.946311154922,25.741964167568877,719.4522941905728,232.50762297195425,169.39023375346574,962.8434298236563,859.9566801757344,503.2154971166874,202.1520723458639,713.4176049211305
0.007083815931928784,760.6122069424582,167.71955457313467,205.2640798810076,135.9815462054788,273.06099891899925,120.09751273286173,26.13688157296955,371.58398134422555,371.43861330472464,608.0549913330821,489.8359429305599,1087.6902138306511,493.80665103401947,446.3448678353441,553.5100026760726,25.447155719635422,720.9784191958122,230.01885547259545,168.924116650885,966.0523480977962,863.1204582081,502.1459563982572,200.92235806958757,713.7351344878242
0.007174342687238483,758.9732601630054,165.45425257984957,203.57260885252884,134.81201699210092,270.907170640831,117.62666193063421,25.393985675772793,370.18918166867957,372.8688360896888,608.8785897810029,490.21110073128347,1088.00562956826,493.9314259047997,444.8788373656661,556.0453282154148,25.15661285727627,722.4649689817923,227.5681881435465,168.45696355384905,969.2285424107189,866.2384190159628,501.09742583077343,199.70197559625845,714.0540240567468
0.007264869442548183,757.349565820429,163.23855686334514,201.89572131557657,133.65638526993044,268.7654610612694,115.2167187362637,24.674770680312022,368.79099079972565,374.28054215548127,609.6835151389988,490.5980224015829,1088.3060721405361,494.06283072438555,443.425232926642,558.5528532554862,24.8702801008588,723.9130768536669,225.154857469861,167.98879789428847,972.3723695400473,869.3115449412925,500.0693356489171,198.49089192434838,714.3741061311975
0.007355396197857883,755.7409381929722,161.07097006210455,200.23342449197295,132.51444250559828,266.63613240188124,112.8659283716774,23.97840248120565,367.38985120940333,375.6740886479767,610.4703360723684,490.99624294755927,1088.5919887205648,494.2005003700484,441.9839633961497,561.0331258936959,24.58810152790415,725.3238391201447,222.7781191897164,167.5196447762116,975.4841840709261,872.3407916239062,499.06113517313025,197.28907127054433,714.6952201493157
0.00745233285690147,754.0349018306758,158.8016116592199,198.4695990250257,131.30658686450047,264.3700298391944,110.41235109091211,23.257151984008487,365.8867072691052,377.14656774870315,611.2934171835986,491.4346814639746,1088.8825358912143,494.35447001712373,440.45421215839553,563.6594055194471,24.290484536375658,726.7942861265609,220.27283932488925,167.016208495184,978.7812449958407,875.5369318283632,498.00299725228945,196.01237854731326,715.0400433828845
0.007549269515945057,752.3456999706048,156.5840689984519,196.72248488145206,130.11394445080083,262.118666873014,108.02265421862913,22.56024087164774,364.3811523022856,378.5990382430752,612.0970150417029,491.8850369815899,1089.157437609978,494.5148168657853,438.93838077151986,566.2556767123689,23.997496435631117,728.2243770820273,217.80781756823092,166.51170627334443,982.0424374681893,878.684928765914,496.96642773041157,194.74620940794225,715.385698420048
0.0076462061749886425,750.6731061120987,154.41670987936448,194.99205618076917,128.9362719402605,259.8822899030594,105.69490235867394,21.88676571934343,362.8736510758028,380.03190444124635,612.8817542480791,492.3468031358897,1089.4171912923528,494.6811517643144,437.43635074517266,568.8225507635626,23.70906736127549,729.6153212506238,215.38220859268463,166.0061750451401,985.2681911994496,881.7858565740246,495.95081997960517,193.49050823005481,715.7320167916781
0.007743142834032229,749.0168965336965,152.29796377464396,193.27827733515113,127.77333038028866,257.66112683266306,103.42722539384187,21.235857156580725,361.3646466356665,381.4455605057021,613.6482379393234,492.81949228715024,1089.6622781284002,494.8531017472387,435.94800224179,571.360619646412,23.425127463871327,730.968286873282,212.99518932291332,165.49965304322794,988.4589322068276,884.8407591060732,494.95558838754397,192.2452169345217,716.0788373802723
0.00784304061805187,747.3270007141385,150.16376862678464,191.52951961684457,126.59002914372863,255.38824526466942,101.1512316809902,20.587799643443905,359.80841498341994,382.88270467132776,614.4196466921665,493.31755605717234,1089.8999973449759,495.03580591296736,434.428375232421,573.9466858541587,23.137137071226388,732.3240332154086,210.57478265184372,164.97666394973913,991.7109560532858,887.9418932441388,493.9506791555106,190.9727119218348,716.436617950722
0.00794293840207151,745.6540255024643,148.07801842709193,189.7983361830982,125.42187105842842,253.13193718743386,98.93522640225642,19.96195468664187,358.2514648431591,384.3002616683781,615.1728936229175,493.8262332125185,1090.1231260651602,495.22372840397173,432.9230146892228,576.5033757978024,22.853763637448846,733.6418274484333,208.19365400108038,164.45271000872788,994.926706609649,890.9962972807409,492.9662161377928,189.71112638461292,716.7946135290623
0.008042836186091149,743.9977305427888,146.03919095085487,188.08465847155827,124.26860853600208,250.89238238698402,96.77737582983326,19.35748626372275,356.6942077199755,385.69862845685907,615.9085669808137,494.3450519462905,1090.3321402909428,495.41651713180795,431.43178506964296,579.0312776370224,22.574931086400692,734.9228152560784,205.85097161576715,163.92783728387397,998.106640897246,894.0050151066883,492.00162541283834,188.46038721220293,717.1526749389327
0.00814273397011079,742.3578791261723,144.0458214661807,186.38840995833522,123.1299986519825,248.66974448681978,94.67590816872729,18.773590052141635,355.1370354896328,387.0781920029156,616.6272345677522,494.87355793878936,1090.527500469078,495.61383487646384,429.9545501927357,581.5309611526535,22.300563820133082,736.1681033682963,203.5459257457811,163.4020925415275,1001.2512111866798,896.9690611822451,491.0563528773976,187.22041955705674,717.5106596871884
0.008244464625752816,740.7045954171857,142.06114392065876,184.67886343827382,121.98530998740901,246.42385675421767,92.59206592516462,18.199329627312405,353.5517611426138,388.4641315560105,617.3421743413385,495.4212668304862,1090.7128728378002,495.8190976386274,428.46445199908305,584.048078226789,22.02567372965034,737.4006521238182,201.236451623663,162.86585508916605,1004.4175980423663,899.9425977393382,490.11303871094566,185.96869074568755,717.874996000964
0.008346195281394842,739.0678738550762,140.12072550769892,182.9872063969673,120.85532228391048,244.19578899693005,90.56318877313495,17.644829298536337,351.96732648005974,389.8313476729,618.0405981736609,495.978129331764,1090.8850012622652,496.02840452985413,426.9885789231409,586.5370686816159,21.75525741600266,738.598369471541,198.96437943383924,162.3288141184033,1007.5482473135136,902.8718365188621,489.1886613881579,184.7279674388994,718.2389806771905
0.00844792593703687,737.447471352062,138.22319553078478,181.31333492015165,119.73979319426527,241.9856541438562,88.58760025227606,17.1093433242748,350.3840810110708,391.180216431857,618.723039905214,496.54372141278736,1091.0443252177263,496.2414493520129,425.5267851012545,588.9984797960249,21.489236732536266,739.7623028393989,196.72891956799197,161.79102128774227,1010.6436245040454,905.7577567769248,488.28269649237546,183.49816360611726,718.6024873448308
0.008549656592678897,735.8431490086913,136.36723446310356,179.657139042436,118.63848506461596,239.79355174994748,86.66368001103862,16.592154135446236,348.802357335889,392.51110451287286,619.3900148038103,497.1176346424847,1091.1912699291483,496.45793894285026,424.07892468829147,591.4328421426973,21.227534363416456,740.8934643424905,194.5293031800088,161.2525284194766,1013.7041896431045,908.6013104598259,487.3946374594532,182.27919218445336,718.965395427177
0.008655361761294056,734.1929274378939,134.4814420530902,177.95483721088283,117.50896499698034,237.53499398768443,84.7176571998999,16.073407762397217,347.16078417012915,393.8753229404629,620.0671929269047,497.722366003924,1091.3312822779078,496.6862387709429,422.5891014169934,593.9342096409991,20.960100027217354,742.0351468616991,192.28091808424904,160.6923117964457,1016.8479390036501,911.5120672595883,486.4903283885027,181.02397634301704,719.3417272776804
0.008761066929909217,732.5595487626556,132.63779851921396,176.27135696633766,116.394290696598,235.29606479320975,82.82404698890267,15.572939731041089,345.52152282559257,395.2209017953609,620.7287400464804,498.33523789685603,1091.4588184632978,496.9176623388721,421.1139997385488,596.4074878439136,20.697160409527324,743.1435534887955,190.0696058871596,160.13145469056658,1019.955101729169,914.3790844060304,485.604296743072,179.78025801758957,719.7171718627324
0.008866772098524376,730.9427543638719,130.83499193286056,174.60655636887444,115.29421082555356,233.0768213287133,80.98122143286284,15.09004427774436,343.8848863312285,396.54821955438234,621.3751700501493,498.9558457397603,1091.5743093272017,497.15192811776694,419.6534560070506,598.853218953472,20.43863166510687,744.2197014415092,187.89457043234887,159.57001592659012,1023.0261783065309,917.2033380340737,484.73603304894976,178.5479344526164,720.0916167080509
0.008972477267139536,729.3422906243891,129.07175968151557,172.9602887186574,114.20847912282325,230.87730901088193,79.1876076143767,14.62404268593906,342.2511720192132,397.85764513223563,622.0069786043364,499.5838000056693,1091.6781715497787,497.38876690516537,418.20730720821626,601.2719286914601,20.184431138083426,745.2645732807239,185.75503680090696,159.00805402509226,1026.0616626137778,919.985776829967,483.88504525856604,177.32690243940485,720.464954735652
0.009081090654212646,727.71454054801,127.29996695182463,171.28787321615138,113.10756818360815,228.63786302771288,77.3943187668437,14.162138295910244,340.57584580220504,399.1848353584526,622.6414385613332,500.2362920216671,1091.7732011760036,497.63453547540564,416.7361944150941,603.7295721777516,19.927659623381256,746.3066068319476,183.5928266816042,158.43014780064004,1029.1441004295039,922.8021775173955,483.0281421977371,176.08392816092208,720.847307131711
0.009189704041285756,726.1034989450318,125.56741543212704,169.63469526238183,112.02129441132014,226.41929281796507,75.6498063884232,13.716714455871946,338.90418313965245,400.49389174495604,623.2614592010483,500.89575886325264,1091.8568001038798,497.8824907622879,415.27993182956686,606.1597611584093,19.675284459717602,747.3176071201784,181.46650587014216,157.85181424935575,1032.1900006072763,925.5763702150873,482.1884825893307,174.8526501384055,721.2282844680656
0.009298317428358866,724.5089020268572,123.87289167614735,168.00058196615262,110.94940647942647,224.2215997860846,73.9525439496451,13.28712706084357,337.23645213206004,401.785182280065,623.8675175712538,501.5618280423879,1091.9293760204484,498.1323843076337,413.8383444966783,608.5630157741133,19.42721983165588,748.2985282214045,179.37529896302527,157.27311608749076,1035.1998804141147,928.3092951851509,481.3655879639488,173.63295325618108,721.6077914863845
0.009406930815431976,722.930491513739,122.21522767248585,166.38535711163024,109.89165827355664,222.04477564570297,72.30105652006868,12.87275681627878,335.572906989528,403.0590656488509,624.4600736540417,502.2341409635826,1091.9913231497474,498.38397878055116,412.4112586490372,610.9398406079939,19.183381373652292,749.25029169683,177.31845131579087,156.69411531626088,1038.1742497039327,931.0018663074621,480.5589961226355,172.42472250717574,721.9857377174059
0.00951964741820898,721.3092931893946,120.53271645001504,164.72889172264013,108.80864322294477,219.80775444185744,70.6340629918801,12.458191863072487,333.8511952243164,404.36304067159733,625.0612098620063,502.93808802630105,1092.0447791029908,498.6466379775662,410.9454084471925,613.3790351291225,18.934710924362943,750.2081290493063,175.2194442511574,156.09298697984914,1041.2239769412072,933.7544364317296,479.7386946404118,171.18284667896035,722.3762226947574
0.009632364020985983,719.7049723571562,118.88749312490366,163.09237136724806,107.74033293209558,217.5931427639858,69.01331240141984,12.058748729448654,332.13449553230373,405.64902228237554,625.6487527012064,503.6480226638254,1092.0876086042554,498.91065192841296,409.49479790989045,615.7908230065801,18.69041141696568,751.1364745416594,173.1558516789714,155.49166714470667,1044.2365583894775,936.4654611761061,478.934991652585,169.95306487000317,722.7648495167647
0.009745080623762985,718.1172537650567,117.2784014803583,161.47558955221817,106.68646909540679,215.40088861989008,67.43733153777728,11.673823242430664,330.4230413693704,406.917378896172,626.2231573779897,504.36359222544684,1092.1202084197312,499.17579656322897,408.0592365912698,618.1757192623286,18.450393343147457,752.0362493228951,171.1268961832149,154.8902229966889,1047.2125420097623,939.135873346468,478.1474241461661,168.73524714025967,723.1515367303313
0.00985779722653999,716.5458683420874,115.70432880353411,159.87833769185428,105.64679894215875,213.23093197722804,65.90469745785761,11.302834826767294,328.71705348966356,408.168469525939,626.7848625265044,505.08445737359693,1092.1429620007564,499.4418582051056,406.63853580843517,620.5342236216916,18.214568920786945,752.9083428455515,169.13182145013337,154.28872060908802,1050.1524672715389,941.7665793879194,477.37554490596074,167.5292642000018,723.5362072581254
0.009974334342066743,714.9381115236338,114.11258920220881,158.24725708142842,104.58654969860336,211.0107886584503,64.36423762361412,10.933338913458066,326.95920550691505,409.4441822414629,627.3527001418314,505.83497987438034,1092.156527348472,499.71768965960445,405.1851059964176,622.9454357629645,17.975068923862022,753.7818001145463,167.1039644533928,153.66683859674433,1053.1546949569963,944.4456385759675,476.5935402589966,166.29470977938504,723.9317212551168
0.0099999999999001,714.5877450443907,113.76977449016591,157.89253096042685,104.35626900832833,210.5270445340503,64.03453500790665,10.854985001935411,326.57344580302214,409.7212397999567,627.4749657182456,506.0013666527334,1092.1573708713258,499.77856028322196,404.8684177611872,623.4704868163695,17.92326884634422,753.9680520859324,166.66498622676622,153.52989512598666,1053.8076575712037,945.0267303033133,476.4248056018892,166.02554063351755,724.0183203782773
0.01,714.5877450443907,113.76977449016591,157.89253096042685,104.35626900832833,210.5270445340503,64.03453500790665,10.854985001935411,326.57344580302214,409.7212397999567,627.4749657182456,506.0013666527334,1092.1573708713258,499.77856028322196,404.8684177611872,623.4704868163695,17.92326884634422,753.9680520859324,166.66498622676622,153.52989512598666,1053.8076575712037,945.0267303033133,476.4248056018892,166.02554063351755,724.0183203782773