"Time ",U0,U1,U2,U3,L0,L1,L2,L3,L4,U0L0,U1L1,U0L1,U0L2,U0L3,U1L0,U1L2,U1L3,U2L4,U3L4,U0L4,U1L4,U2L0,U2L1,U2L2,U2L3,U3L0,U3L1,U3L2,U3L3
0.41000000000000003,0.0007018118136132112,0.0004484311118483035,0.7096691228608264,6.813661221569745,0.005563211353158342,0.004352626704808838,24.50583627791841,14.98130680970566,0.016981069139257145,715.6253729126602,1753.5412568826905,311.7775789222485,297.96239052676214,835.2841058277229,382.66763425738566,873.2692584722753,854.8308995723477,1826.2650288833813,767.2318169897823,0.8798068612168013,0.07199008809561416,396.5465946585231,100.76445596044796,430.71718989346357,456.35715025166144,130.8906343557947,184.55112538046768,52.3298567536753,406.10121976405446
0.4101865000795635,0.0007004149043036648,0.0004474925589320885,0.7086751214041773,6.808814513499522,0.00555647259624435,0.004347361044855658,24.503598698052652,14.977730025692633,0.016960613222780096,715.6255250733036,1753.541384205868,311.77752758901136,297.9626817246101,835.284369606572,382.66755845182746,873.2691471079955,854.8307763332464,1826.265369759263,767.2322194904364,0.8789366417006169,0.0718934778985091,396.54646790009434,100.76435826738793,430.71776857006205,456.35715604731286,130.89056983081164,184.5509880566404,52.33123881510311,406.1044484293262
0.41037300015912687,0.0006990210328412116,0.00044655627363937605,0.7076826554375587,6.803972214355222,0.005549744277231725,0.004342103593573737,24.501363392522936,14.974156867121195,0.016940188765645875,715.6256769087709,1753.5415112046867,311.7774763098872,297.9629725731276,835.2846329447672,382.6674827255077,873.2690358026032,854.8306531219885,1826.265709918187,767.232621462466,0.8780674801532603,0.07179702384792788,396.5463413082892,100.7642606793654,430.7183463558949,456.35716164352976,130.89050537469032,184.55085088982506,52.33261978358309,406.1076740816585
0.41055950023869026,0.0006976302004727062,0.00044562224525289195,0.7066917222582882,6.799134318657469,0.005543026376371346,0.0043368543307572794,24.49913035825875,14.97058732897187,0.01691979570609482,715.6258284195943,1753.541637879669,311.7774250847905,297.9632630728098,835.2848958430147,382.66740707830473,873.2689245560272,854.8305299385628,1826.266049361314,767.2330229067296,0.8771993749256805,0.0717007256362075,396.54621488282646,100.76416319621207,430.71892325244943,456.3571670408169,130.890440987321,184.55071387977364,52.33399966027441,406.11089672487077
0.4107460003182537,0.0006962424066962564,0.0004446904634104905,0.7057023191701963,6.794300820936519,0.00553631887434824,0.004331613237284039,24.49689959219476,14.967021406234931,0.016899433980661953,715.6259796063055,1753.5417642313355,311.77737391363576,297.9635532241511,835.2851583020202,382.6673315100972,873.2688133681967,854.8304067829583,1826.2663880898021,767.2334238240844,0.8763323243721042,0.07160458295641534,396.54608862342496,100.76406581775973,430.71949926120965,456.3571722396767,130.89037666859406,184.55057702623836,52.33537844633443,406.11411636277535
0.41094273239699863,0.0006947817671906737,0.00044370998492939046,0.7046602895627403,6.7892069023555806,0.005529254625296979,0.004326093432548846,24.49454889396824,14.963263758276328,0.0168779890373524,715.6261387369226,1753.5418971652275,311.77731999343393,297.96385891714885,835.285434685104,382.6672518814541,873.2686961438312,854.8302769007784,1826.2667446287842,767.2338461669449,0.8754188458562128,0.07150333380498167,396.5459556166914,100.76396321009965,430.72010591112195,456.3571775092616,130.8903088954071,184.55043283383378,52.33683169631857,406.1175093875055
0.4111394644757436,0.0006933245076484635,0.0004427319840852744,0.7036199563973553,6.784117865088535,0.005522201902034778,0.004320582673496453,24.49220071266048,14.959510121894422,0.016856578820285198,715.6262975081004,1753.54202974054,311.7772661330611,297.96416422366264,835.2857105810346,382.6671723404349,873.2685789846722,854.8301470495303,1826.2671003752012,767.2342679254469,0.8745065371629018,0.07140225702034184,396.5458227941004,100.76386071856122,430.72071157653664,456.3571825591958,130.8902411983513,184.55028881502608,52.33828373535813,406.12089907681593
0.4113361965544886,0.0006918706265662942,0.00044175645009327023,0.7025813165292245,6.779033702747875,0.005515160681170555,0.004315080937538414,24.489855044692572,14.955760491240857,0.016835203257876973,715.6264559204596,1753.5421619578801,311.77721233241783,297.96446914426974,835.2859859906349,382.6670928868974,873.2684618906369,854.8300172292007,1826.2674553304037,767.2346891005895,0.873595396372194,0.07130135224485382,396.5456901553245,100.76375834294846,430.72131625918536,456.35718739006563,130.89017357729887,184.55014496952654,52.33973456480562,406.12428543515887
0.41153292863323354,0.0006904201204154421,0.00044078337248683975,0.7015443668214966,6.773954408957927,0.005508130939912046,0.004309588203435426,24.487511886491998,14.952014860479299,0.01681386227629669,715.6266139746201,1753.5422938178522,311.7771585914053,297.964773679547,835.2862609147269,382.66701352070004,873.2683448616431,854.8298874397767,1826.26780949574,767.2351096933705,0.8726854215681293,0.07120061912176957,396.54555770003634,100.76365608306547,430.7219199607957,456.357192002455,130.89010603212205,184.5500012970467,52.3411841860113,406.127668466978
0.411724655338472,0.0006890097637696292,0.0004398374063717811,0.7005354230168158,6.76900902380587,0.005501291076196779,0.00430424385869838,24.485230755698737,14.94836837124026,0.016793097469427642,715.6267676634191,1753.5424219796953,311.77710627498334,297.96507009645825,835.286528377683,382.66693625768403,873.2682308726713,854.8297609822547,1826.2681538914985,767.2355190258056,0.8717997189208234,0.07110261372772643,396.5454287909871,100.76355653610308,430.72250736040326,456.35719628783676,130.8900402783526,184.5498614461651,52.342595763864495,406.1309622292925
0.4119163820437105,0.0006876026068523297,0.00043889375466526646,0.6995280785975467,6.764068250692841,0.005494462071442973,0.0042989080225088235,24.482952001905975,14.944725670031492,0.016772365372662613,715.6269210131734,1753.5425498032541,311.7770540150116,297.965366148476,835.286795381057,382.66685907735473,873.268116945319,854.8296345540601,1826.268497539591,767.2359278069989,0.8709151201015463,0.0710047706960935,396.54530005559656,100.76345709869075,430.7230938314882,456.3572003668066,130.88997459640845,184.54972175907244,52.34400619670207,406.13425284051306
0.41210810874894893,0.0006861986462814153,0.0004379524085905478,0.6985223306784257,6.759132083747954,0.0054876439039387905,0.004293580674872189,24.480675621824844,14.941086751480597,0.016751665920469703,715.6270740244533,1753.5426772890842,311.77700181139903,297.96566183613106,835.2870619256045,382.66678197958146,873.2680030795103,854.8295081551804,1826.2688404412565,767.2363360378672,0.8700316233478546,0.07090708969910535,396.5451714935641,100.76335777064854,430.7236793756402,456.35720423990153,130.88990898617237,184.54958223550372,52.34541548576826,406.13754030473166
0.4122998354541874,0.0006847978770374865,0.0004370133595832683,0.6975181763812269,6.754200517110881,0.005480836552509462,0.004288261796933084,24.478401612172206,14.937451610225905,0.016730999045369795,715.6272266978286,1753.5428044377395,311.77694966405534,297.9659571599537,835.2873280120803,382.66670496423365,873.2678892751695,854.8293817856032,1826.269182597733,767.2367437193261,0.8691492269008928,0.07080957040979366,396.5450431045891,100.76325855179658,430.7242639944451,456.35720790765663,130.88984344752703,184.54944287519416,52.346823632305295,406.14082462603244
0.41250746992396353,0.0006832844792984525,0.0004359989779639127,0.696432500469728,6.7488649551503395,0.005473476562243196,0.0042825111363151615,24.47594159537351,14.93351911171651,0.01670865408647008,715.6273916582093,1753.5429417563932,311.7768932533529,297.96627657734854,835.2876156602417,382.6666216516588,873.267766097606,854.8292449640461,1826.269552304221,767.2371846079203,0.8681948561012045,0.0707041418552479,396.5449042578915,100.76315122360097,430.724896077819,456.35721164874633,130.88977255168368,184.54929213584842,52.34834732700873,406.144377910728
0.41271510439373965,0.0006817748137960944,0.00043498727037682544,0.6953486865899383,6.743534774272228,0.0054661292043663165,0.004276770361617746,24.473484350677246,14.92959103025693,0.01668634717566128,715.6275562236733,1753.543078680949,311.77683690842355,297.9665955693222,835.2879027730013,382.66653843543656,873.2676429919492,854.8291081768248,1826.2699211397419,767.2376248543803,0.8672417714868829,0.07059890215995247,396.5447656134298,100.76304402302922,430.72552707978497,456.3572151503119,130.88970173951864,184.54914158733337,52.349869684751965,406.1479275192794
0.41292273886351577,0.0006802688745964763,0.0004339782267743593,0.69426673110943,6.738209967072462,0.005458794451285066,0.004271039448326068,24.47102987393654,14.925667359075568,0.016664078230791482,715.6277203949396,1753.5432152121057,311.77678062915305,297.96691413654395,835.2881893513106,382.66645531540223,873.2675199581034,854.828971423923,1826.2702891058564,767.2380644598604,0.8662899708381109,0.07049385091176122,396.5446271708254,100.76293694985472,430.7261570023455,456.35721841302876,130.8896310108842,184.54899122931528,52.35139070710562,406.1514734568469
0.4131303733332919,0.0006787666534826066,0.00043297183733087086,0.6931866304054258,6.732890526161397,0.005451472276229562,0.004265318373575272,24.468578161012307,14.92174809141554,0.01664184716676427,715.6278841727258,1753.54335135056,311.7767244154278,297.9672322796824,835.2884753961204,382.666372291391,873.2673969959736,854.8288347053249,1826.2706562041221,767.2385034255133,0.8653394519399553,0.07038898769961123,396.54448892969975,100.76283000385095,430.72678584749787,456.35722143756897,130.88956036563246,184.54884106146076,52.352910395637565,406.1550157285801
0.4133462873057752,0.0006772084672615012,0.0004319281224834593,0.69206542358405,6.7273646541415575,0.0054438714373108155,0.0042593795776132565,24.466031611998158,14.917677204643057,0.0166187697201172,715.628054064654,1753.54349250183,311.7766660295548,297.96756265982873,835.2887722822592,382.6662860584325,873.2672692066428,854.8286925713863,1826.2710370217908,767.2389592177159,0.8643523878025982,0.07028014201932066,396.5443453894424,100.76271892797085,430.72743862752264,456.3572243308239,130.88948699165317,184.54868510693856,52.35448926934263,406.15869536724506
0.4135622012782585,0.000675654286428704,0.0004308872567610248,0.6909462144424785,6.721844568653272,0.005436284138858794,0.004253451367733963,24.463488042508523,14.913611064716772,0.016595733055402778,715.6282235326732,1753.5436332299867,311.7766077143084,297.96789258286583,835.2890685935913,382.6661999289457,873.2671414946516,854.8285504745056,1826.2714169044407,767.2394143205788,0.8633667048051432,0.07017149876698331,396.54420206622217,100.7626079891085,430.7280902468948,456.3572269680081,130.8894137075149,184.54852935731606,52.35606670418213,406.1623710532228
0.4137781152507418,0.0006741041029936968,0.0004298492297975006,0.6898289989342282,6.716330261433546,0.005428710349944074,0.0042475337172642996,24.46094744791662,14.90954966408417,0.016572737081423174,715.628392577585,1753.5437735358078,311.7765494695616,297.9682220495405,835.2893643311777,382.66611390274664,873.2670138598934,854.8284084146645,1826.2717958538096,767.239868735388,0.8623824004737056,0.07006305748408419,396.54405895961725,100.76249718701135,430.7287407078463,456.3572293498726,130.88934051305299,184.5483738122215,52.35764270191058,406.166042792272
0.41399402922322515,0.0006725579063160248,0.0004288140314301923,0.68871377302401,6.710821724236138,0.00542115004065224,0.004241626601489558,24.458409823604686,14.905492995209825,0.016549781703391667,715.6285612001893,1753.543913420069,311.77649129518795,297.9685510605986,835.2896594960779,382.6660279796517,873.266886302262,854.8282663918446,1826.2721738716334,767.240322463428,0.8613994723400474,0.06995481771335896,396.5439160692061,100.76238652142696,430.72939001260335,456.357231477165,130.88926740810274,184.54821847128332,52.35921726427927,406.1697105901389
0.41423085217934763,0.0006708665514076326,0.00042768182598829844,0.6874928324386795,6.704786368952708,0.005412873059576878,0.004235159527173083,24.45562986742639,14.901048913227378,0.016524649915852042,715.6287456674239,1753.5440663667869,311.77642756801725,297.9689114098439,835.2899825872697,382.6659338541609,873.2667464805899,854.828110658168,1826.2725874273078,767.2408193419977,0.8603229376499171,0.06983632725337978,396.5437595894839,100.76226529573592,430.73010086872966,456.35723351860486,130.88918732645084,184.54804832154895,52.36094265783935,406.17372905007437
0.41446767513547017,0.0006691799707520465,0.0004265529985432247,0.6862742753071606,6.698757934591657,0.005404612217634854,0.004228705060947005,24.452853473051114,14.896610504867937,0.01649956673882146,715.6289296286086,1753.5442188082934,311.7763639251912,297.9692712128307,835.2903049921484,382.66583985224844,873.2666067514382,854.8279549689832,1826.2729998666377,767.2413153975696,0.8592480523994581,0.06971807807537152,396.54360336879756,100.7621442336441,430.73081033948654,456.3572352556609,130.8891073520735,184.5478784164939,52.36266632898716,406.17774278299873
0.4147044980915927,0.0006674981527883222,0.0004254275363280405,0.6850580963422354,6.692736410336212,0.0053963674742068994,0.0042222631685437445,24.450080634423873,14.89217776025126,0.01647453205375287,715.6291130847907,1753.5443707456045,311.77630036654404,297.9696304705361,835.2906267121008,382.6657459736736,873.2664671146676,854.8277993242657,1826.2734111918937,767.2418106318237,0.8581748133549959,0.06960006958110952,396.54344740659633,100.76202333482149,430.731518427792,456.3572366893128,130.88902748475553,184.54770875563233,52.364388280021785,406.1817517964501
0.4149413210477152,0.0006658210818352995,0.0004243054268286687,0.6838442902729334,6.686721785393731,0.005388138790308603,0.004215833818776256,24.447311345502563,14.8877506695218,0.01644954573630344,715.6292960370157,1753.5445221797324,311.7762368919108,297.96998918393604,835.2909477485117,382.6656522181961,873.2663275701397,854.8276437239912,1826.2738214053438,767.2423050464386,0.857103217290933,0.06948230117415478,396.54329170232916,100.76190259893814,430.7322251365559,456.35723782053486,130.88894772428165,184.54753933847866,52.36610851323773,406.1857560979486
0.41519643364580333,0.0006640197895798989,0.0004231003947069115,0.6825393917810876,6.680250362687127,0.005379292533174318,0.004208921929736192,24.44433215126216,14.88298799264817,0.01642268372653595,715.6294925558465,1753.5446847471778,311.77616860899155,297.9703749926097,835.2912928151197,382.66555135950995,873.2661773517466,854.827476156531,1826.2742620579152,767.2428367291712,0.855950697261641,0.06935570554357462,396.54312426110414,100.76177272064581,430.7329848837215,456.3572387018715,130.88886192326632,184.5473571094897,52.36795967933758,406.19006438511457
0.41545154624389147,0.000662223976198762,0.0004218992235395757,0.6812372341909969,6.673786920166303,0.005370464814682343,0.00420202451471184,24.441357061666764,14.878231852996047,0.016395877559583796,715.6296884923828,1753.5448467331494,311.7761004231672,297.9707601720007,835.2916370918523,382.66545064309213,873.2660272400595,854.8273086405837,1826.2747014257586,767.2433674647995,0.8548000760389096,0.0692293870846963,396.5429571178726,100.76164303064145,430.7337430370258,456.3572392346046,130.8887762457198,184.54717516214126,52.36980885755755,406.1943672224952
0.4157066588419796,0.0006604336265019013,0.0004207018982342112,0.6799378109636217,6.667331444426648,0.005361655584436979,0.004195141531902898,24.438386069215266,14.873482238330233,0.016369127089588178,715.6298838479204,1753.5450081389026,311.7760323342325,297.97114472331907,835.291980580425,382.66535006864467,873.2658772349056,854.8271411761178,1826.2751395116816,767.2438972554014,0.8536513496218883,0.0691033450588614,396.54279027195344,100.76151352851684,430.7344996000804,456.35723941994365,130.88869069137587,184.54699349583237,52.3716560507499,406.19866461943144
0.41596177144006774,0.0006586487193824615,0.00041950840401330043,0.6786411155818215,6.660883922095842,0.005352864794430728,0.0041882729439524456,24.435419166423685,14.868739136448648,0.016342432162188454,715.6300786237524,1753.545168965688,311.77596434198404,297.97152864777337,835.2923232825513,382.6652496358702,873.2657273361135,854.8269737631031,1826.275576318489,767.2444261030527,0.8525045140204642,0.06897757872978076,396.5426237226653,100.76138421386379,430.7352545764853,456.3572392590904,130.88860525996822,184.54681210996227,52.373501261760744,406.2029565852401
0.4162452109957263,0.0006566719851455804,0.0004181868626897522,0.6772036300254235,6.653729796618644,0.005343119464962281,0.004180658519047878,24.43212761436209,14.863476997259342,0.0163128380682939,715.6302943486583,1753.5453469727606,311.77588891321284,297.9719544684054,835.2927031171137,382.66513821711635,873.2655609175207,854.8267878213356,1826.2760601303983,767.2450125690975,0.8512325497030162,0.06883817009765293,396.54243902727256,100.76124075984751,430.7360915269369,456.35723867585114,130.88851048635456,184.5466109116846,52.37554903852187,406.20771876050696
0.4165286505513849,0.0006547019278507297,0.00041687001235907466,0.6757694948129935,6.646585454128387,0.005333396768063554,0.004173061756676459,24.428841091161257,14.858222865790342,0.01628331215856239,715.6305093613262,1753.5455242684016,311.7758136032611,297.97237951836775,835.293081985324,382.6650269724729,873.2653946297736,854.8266019429976,1826.2765423706273,767.245597876538,0.84996290906068,0.06869909987749562,396.54225469628017,100.76109753619038,430.7369265281702,456.35723766839567,130.88841586380488,184.5464100580263,52.37759437586639,406.21247425577
0.41681209010704345,0.000652738526489819,0.0004155578332175392,0.6743387010796723,6.639450876413616,0.005323696635212179,0.004165482600591239,24.425559586634115,14.85297672543207,0.016253854236679643,715.6307236635126,1753.5457008543128,311.775738411851,297.9728037993028,835.2934598895085,382.66491590153566,873.2652284726371,854.8264161280453,1826.2770230429815,767.2461820281907,0.8486955866674837,0.06856036706973646,396.5420707287654,100.76095454233906,430.7377595850847,456.35723623836043,130.88832139195824,184.5462095481727,52.379637277674036,406.2172230837188
0.417095529662702,0.0006507817499397217,0.00041425030597004803,0.6729112399942894,6.632326045311886,0.005314019001966378,0.004157921002129876,24.422283090619285,14.847738559625391,0.016224464091643163,715.6309372569705,1753.5458767321873,311.7756633387068,297.97322731285135,835.2938368319908,382.6648050039015,873.2650624458788,854.8262303764367,1826.2775021512632,767.24676502687,0.8474305771135897,0.06842197067835548,396.54188712380443,100.76081177773993,430.73859070256225,456.3572343873696,130.88822707045347,184.54600938130892,52.38167774781514,406.2219652570064
0.41740905436823744,0.0006486249663400114,0.00041280938931576624,0.6713361351831747,6.624456294099266,0.0053033402811924115,0.004149577177273184,24.418664639130732,14.84195366793798,0.016192033101344108,715.6311726984418,1753.5460704555671,311.7755804344959,297.9736948875173,835.2942526668639,382.6646825366368,873.2648789481165,854.8260249823113,1826.278030296232,767.247408567167,0.8460339831396454,0.06826927514355546,396.5416844516602,100.760654126046,430.7395077841415,456.35723185151903,130.88812291206565,184.54578836667056,52.383931971896324,406.2272030427722
0.41772257907377286,0.0006464762323754034,0.00041137411482416466,0.6697650853782782,6.616598421750684,0.005292688915293439,0.0041412546934585645,24.415052289743286,14.836178491029262,0.016159684536711284,715.631407277237,1753.5462633169773,311.77549767427934,297.97416152744864,835.2946673309932,382.66456028038357,873.2646956092774,854.8258196655773,1826.2785565372053,767.2480507039431,0.8446402051697779,0.06811698867940624,396.54148222076077,100.7604967534391,430.74042250524957,456.357228804784,130.88801893670598,184.54556776961476,52.38618323064762,406.23243271869916
0.41803610377930833,0.0006443355201401296,0.00040994445663480547,0.6681980787341032,6.60875240387396,0.005282064812496226,0.0041329534757583745,24.41144602881859,14.83041300667217,0.016127418137627046,715.6316409957028,1753.5464553186919,311.7754150576857,297.97462723484284,835.2950808274877,382.66443823460133,873.2645124290465,854.8256144261746,1826.2790808792668,767.2486914409616,0.8432492359506878,0.0679651099529536,396.541280429874,100.76033965917993,430.7413348724383,456.3572252493464,130.88791514389226,184.5453475890529,52.38843152927238,406.23765430178247
0.41834962848484375,0.0006422027846958946,0.00040852038975690736,0.6666351034561422,6.600918216149967,0.005271467887834723,0.004124673461970776,24.407845842755993,14.82465719271508,0.01609523361918449,715.6318738561807,1753.5466464629708,311.7753325843469,297.9750920118954,835.2954931594526,382.6643163987511,873.2643294071131,854.8254092640458,1826.2796033274979,767.2493307819834,0.8418610682528586,0.06781363763646749,396.5410790777655,100.76018284252837,430.74224489223326,456.35722118736885,130.88781153314147,184.54512782389563,52.39067687295987,406.2428678089621
0.41870438549580624,0.0006397991518154203,0.0004069157519170886,0.6648714246335177,6.5920679732596215,0.005259509998873487,0.004115330003526644,24.40377949722003,14.81815605321929,0.01605891486232116,715.632136308911,1753.5468617138895,311.77523943705216,297.97561679360916,835.2959583176404,382.6641787924918,873.2641225060729,854.8251772137162,1826.2801922065685,767.2500525253621,0.8402937089779934,0.06764273330299077,396.5408517729998,100.7600057364303,430.74327176811425,456.3572159830711,130.88769451526878,184.54487965653388,52.393213949715836,406.2487572380463
0.4190591425067687,0.0006374056530370763,0.0004053182038404956,0.6631128752059086,6.583232810654648,0.00524758665958041,0.004106013493322487,24.399720892505904,14.811667234738534,0.016022700233219122,715.6323976694898,1753.5470758731662,311.7751464721652,297.97614039013905,835.2964219932716,382.66404145354994,873.2639158068511,854.8249452621573,1826.280778674683,767.2507724916009,0.8387299169185282,0.06747234570322336,396.540625026678,100.75982898375828,430.7442956563133,456.35721013613136,130.88757772919,184.54463201807684,52.395747257318924,406.254636373438
0.41941389951773117,0.0006350222502210324,0.000403727709118401,0.6613594382546388,6.574412693405493,0.00523569773841287,0.004096723823779125,24.395670009093674,14.805190705474992,0.015986589364845896,715.6326579412677,1753.54728894405,311.77505368915536,297.9766628046276,835.296884190787,382.6639043811533,873.2637093089958,854.8247134092805,1826.2813627390985,767.2514906860735,0.8371696817103834,0.06730247293769528,396.5403988370425,100.7596525834568,430.74531656619627,456.35720364965863,130.88746117421672,184.5443849069699,52.398276803231326,406.2605052394723
0.41976865652869366,0.0006326488725997067,0.000402144233143315,0.6596110969463712,6.565607586702142,0.005223843116614043,0.00408746091156535,24.39162682752367,14.79872643375484,0.015950581842921915,715.6329171275876,1753.547500929763,311.77496108749807,297.97718404021583,835.2973449146235,382.6637675745318,873.2635030120636,854.8244816550025,1826.2819444070738,767.2522071141525,0.8356129930277971,0.0671331131153309,396.54017320232947,100.75947653446795,430.7463345070851,456.35719652672753,130.88734484965846,184.54413832165596,52.400802594892006,406.26636386039326
0.42017226530843976,0.0006299608092255826,0.00040035119530443903,0.6576281756715103,6.555608183167393,0.0052103975995678314,0.004076954856060709,24.38703622122739,14.791386865806803,0.01590974111950996,715.6332106893959,1753.5477407914295,311.7748559540038,297.9777756228657,835.297867295933,382.66361225118976,873.2632685507983,854.824218106818,1826.2826032685578,767.2530200566479,0.8338462403589084,0.06694105298486601,396.53991716920626,100.75927666855303,430.74748902480667,456.3571876528935,130.88721278596623,184.54385841776522,52.403671644493095,406.273016814257
0.42057587408818586,0.0006272856125228007,0.0003985671439043212,0.6556518037069362,6.545628112996133,0.00519699612072151,0.0040664831449012985,24.38245553042289,14.784063076469032,0.015869033154946456,715.6335028553957,1753.5479792573788,311.7747510537938,297.97836568819963,835.2983877819245,382.66345726974293,873.2630343483628,854.8239546860102,1826.2832590480414,767.2538307274978,0.8320840498103053,0.06674965159786143,396.5396618495439,100.7590772544746,430.74863972521814,456.35717796374445,130.88708101862971,184.54357919018523,52.40653585519697,406.2796565739168
0.420979482867932,0.0006246232318453796,0.0003967920265548755,0.6536819565338217,6.535667325419815,0.005183638488447904,0.004056045619988972,24.377884726756182,14.776755019576374,0.01582845742603331,715.633793630439,1753.5482163323193,311.7746463860983,297.9789542407779,835.2989063790334,382.66330262907167,873.2628004040987,854.8236913924461,1826.2839117560356,767.2546391344868,0.8303264063554646,0.06655890620878188,396.5394072407991,100.75887829070393,430.7497866219059,456.3571674637744,130.88694954665175,184.54330063666364,52.40939523786764,406.2862831747397
0.4213830916476781,0.0006219735517636366,0.0003950257948534925,0.6517186097803369,6.52572576987011,0.0051703245358857425,0.004045642171120598,24.373323781971177,14.769462649172388,0.015788013316715442,715.6340830193695,1753.5484520209134,311.77454195015906,297.9795412851615,835.2994230936931,382.6631483280593,873.2625667173638,854.8234282260024,1826.284561403063,767.2554452854041,0.8285732950308181,0.06636881408584189,396.5391533404138,100.7586797757062,430.7509297283808,456.35715615741486,130.8868183690304,184.5430227549416,52.412249803329956,406.29289665193835
0.4218527919161682,0.0006189058965715584,0.0003929814616658983,0.6494419143052491,6.514180417886342,0.005154885150080419,0.004033577846376325,24.368028351554187,14.76099583217013,0.01574111144729212,715.6344180573557,1753.5487245645702,311.7744207034694,297.98022256600507,835.3000220594903,382.66296918621356,873.2622950874796,854.823122125566,1826.2853135906535,767.2563806144113,0.8265387956593492,0.06614841299455058,396.5388587519939,100.75844931661378,430.7522552659804,456.3571419902518,130.8866660801862,184.5427002125608,52.41556575708704,406.3005766185795
0.42232249218465834,0.0006158552859098301,0.0003909490125313483,0.6471739514237652,6.502660964758918,0.005139504370117957,0.004021559222516607,24.362746190893652,14.752550125715363,0.015694386306851292,715.6347512321637,1753.5489952443145,311.7742997684215,297.9809018175061,835.3006184945086,382.6627905011278,873.2620238044616,854.8228161968979,1826.2860616631863,767.2573129105438,0.8245103906734526,0.06592888869164504,396.53856511554767,100.75821946087052,430.7535757098197,456.35712674396893,130.88651418710316,184.54237857347965,52.41887521839644,406.3082389143497
0.4227921924531484,0.0006128216546987167,0.0003889283661952733,0.6449146831912085,6.491167331660298,0.005124181896386091,0.004009586047220401,24.35747725599748,14.74412545821965,0.015647837106728027,715.6350825512966,1753.5492640674386,311.7741791438223,297.98157904673025,835.3012124087039,382.66261227106855,873.2617528672837,854.822510439782,1826.2868056369132,767.2582421858401,0.8224880568079784,0.06571023694121292,396.5382724271474,100.75799020611308,430.7548910809476,456.35711042550184,130.8863626882397,184.5420578342148,52.42217820415873,406.31588359415844
0.4232618927216385,0.0006098047911783229,0.0003869194517553457,0.6426640719448439,6.479699440131989,0.005108917483558257,0.003997658176030506,24.35222150304578,14.735721758481596,0.015601462851516982,715.6354120222478,1753.549531041137,311.77405882850303,297.9822542607537,835.3018038120404,382.66243449430726,873.2614822749554,854.8222048540255,1826.2875455281307,767.2591684523635,0.8204717709106895,0.06549245353191553,396.53798068282805,100.75776154996176,430.75620140026814,456.3570930416581,130.88621158204194,184.5417379912644,52.425474731201575,406.323510712625
0.4238172778667267,0.0006062590913003707,0.00038455909699944345,0.6400140123954151,6.466172630002437,0.0050909429840038725,0.003983612506236683,24.34602392019796,14.725811974415706,0.015546853421872321,715.6357992223043,1753.5498443409917,311.7739169621565,297.9830500598413,835.3024998756864,382.6622248692232,873.2611627634996,854.8218437427217,1826.2884151481655,767.2602598268468,0.8180954369165874,0.065236055745395,396.5376369299691,100.7574919504676,430.7577442643435,456.35707112130694,130.88603341491392,184.54136095286455,52.429364315251625,406.3325066205433
0.42437266301181487,0.0006027366190209581,0.0003822149032608451,0.6373759421658408,6.452681571917649,0.005073048769372336,0.003969629436337077,24.339844634648834,14.71593129005167,0.015492486188861346,715.6361838609594,1753.5501550770657,311.7737755246316,297.9838430627346,835.3031924588288,382.66201587268404,873.2608437310925,854.8214828703378,1826.2892791092868,767.2613470309491,0.8157274886610151,0.06498085928063217,396.5372944852261,100.75722318077933,430.75928012877733,456.35704773224353,130.8858557921366,184.5409851571287,52.43324492027343,406.34147814119854
0.424928048156903,0.0005992373064781863,0.0003798867368584551,0.6347497998424112,6.439226137811901,0.005055234345461793,0.003955708534297734,24.33368357499381,14.706079589257481,0.015438359930122752,715.6365659503412,1753.5504632611758,311.7736345139925,297.9846332808817,835.3038815775684,382.6618075018831,873.2605251760573,854.8211222365044,1826.2901374377586,767.2624300841317,0.8133678884728894,0.06472685730693749,396.5369533422631,100.75695523707886,430.7608090276805,456.357022885662,130.8856787112195,184.54061059842607,52.43711657378542,406.35042536379143
0.4254834333019912,0.0005957607196600701,0.00037757449417766265,0.6321355245997836,6.4258062003493865,0.005037499348438436,0.003941849635991066,24.327540670145673,14.69625675667197,0.015384472919049366,715.6369455025771,1753.5507689049125,311.7734939283607,297.9854207257747,835.3045672480561,382.661599754021,873.2602070968029,854.8207618409087,1826.2909901599967,767.2635090059465,0.8110165988961495,0.06447404304022114,396.5366134946413,100.75668811550193,430.76233099486245,456.35699659246677,130.88550216963816,184.54023727107253,52.44097930315997,406.3593483769356
0.4261448432930828,0.000591649892929574,0.00037484144940366066,0.6290375730300981,6.409870484978154,0.005016481649858599,0.003925425401511457,24.320248650873285,14.684596214524683,0.015320609045730193,715.6373942193201,1753.5511295990716,311.77332705628567,297.98635489429955,835.3053793388946,382.66135315522973,873.2598289135872,854.820332954909,1826.2919983920058,767.2647885345077,0.8082272305960007,0.06417450580994405,396.53621045015336,100.75637106681394,430.7641345143727,456.35696340786035,130.8852926258699,184.53979427295448,52.44556783586857,406.3699433619832
0.4268062532841743,0.0005875710433961138,0.0003721305846158092,0.6259562640988782,6.393984719809796,0.004995575111029749,0.003909087824332431,24.312982160691917,14.672976258815101,0.015257080684840569,715.6378393748578,1753.5514867264815,311.7731607810585,297.9872851647516,835.3061865885427,382.66110743132896,873.2594514000083,854.8199044056373,1826.2929987533635,767.266062263329,0.8054495335089819,0.06387663219798267,396.53580922339125,100.7560551724106,430.7659283074044,456.35692820570586,130.8850838393872,184.53935300395273,52.45014379647967,406.38050428561075
0.42746766327526586,0.0005835241632216366,0.0003694416706345565,0.6228914966251983,6.378148692932611,0.004974778890766131,0.0038928361236471028,24.305741081588057,14.661396697714498,0.015193885963984896,715.6382809891327,1753.5518403066526,311.77299509947574,297.9882115560036,835.306989023486,382.6608625776947,873.259074553264,854.8194761924417,1826.2939912872357,767.2673302244087,0.8026834455483074,0.06358041100104998,396.53540980396895,100.75574042602113,430.7677124302382,456.35689100439635,130.88487580610038,184.5389134548119,52.45470723064838,406.39103129541104
0.42812907326635746,0.0005795082824247948,0.00036677457026282155,0.6198431707207386,6.3623621939330945,0.004954092475907586,0.003876670219462825,24.29852529613452,14.64985734098722,0.015131021723199162,715.6387190821364,1753.5521903585354,311.7728300084798,297.989134087084,835.307786670403,382.66061858970943,873.2586983707754,854.8190483148181,1826.2949760372676,767.2685924500439,0.7999289050465733,0.06328583110629132,396.5350121812127,100.75542682124289,430.7694869384942,456.35685182163354,130.88466852182358,184.53847561612145,52.45925818372542,406.4015245377355
0.42887230644407476,0.0005750324192983998,0.0003638033142996864,0.6164372302261941,6.344681580723096,0.004930976962812035,0.003858605961900834,24.290446880091384,14.636938184939293,0.015060772462099714,715.6392071945387,1753.552579529205,311.7726451948356,297.9901661618725,835.3086773137593,382.6603454451481,873.2582764398582,854.8185679039668,1826.2960733760835,767.2700040215201,0.796847302234491,0.06295675340228471,396.5345674995092,100.75507577483336,430.77146956825266,456.356805449667,130.88443648306819,184.53798564188253,52.464357299771386,406.413275790806
0.429615539621792,0.0005705955554950474,0.0003608590128151992,0.6130517845301446,6.327062947641787,0.004907997944585878,0.0038406480910282217,24.282400091301394,14.624069289738701,0.014990935412151005,715.6396909130721,1753.5529642959502,311.7724611185166,297.99119341216357,835.309561980987,382.6600733814738,873.2578553403289,854.8180879151031,1826.2971609998385,767.2714084350608,0.7937801170656285,0.06262971878899139,396.53412505911615,100.75472615342247,430.7734402057802,456.3567566238584,130.8842053793156,184.5374978030556,52.46944077649331,406.4249847947635
0.4303587727995093,0.000566197825370734,0.00035794133606307225,0.6096866941485416,6.309506001051321,0.004885154225831697,0.0038227954339975366,24.274384766459114,14.611250390119658,0.01492150818583056,715.640170265175,1753.5533446857307,311.7722777750868,297.99221586400313,835.3104407085459,382.65980239231027,873.2574350682653,854.8176083472617,1826.2982389679003,767.2728057346927,0.790727263902086,0.06230471190019331,396.53368484578925,100.75437794839154,430.77539892879406,456.35670536947305,130.8839752049456,184.53701208690867,52.474508677346165,406.4366517541017
0.4311020059772266,0.0005618375397544438,0.0003550501465453817,0.6063418217849998,6.292010449722364,0.004862445214715051,0.003805048144077756,24.266400743115128,14.598481223387026,0.014852486004224291,715.6406452784317,1753.5537207244763,311.77209516038056,297.9932335437723,835.311313533322,382.65953247128124,873.2570156201652,854.8171291997561,1826.2993073406194,767.2741959650663,0.787688657751451,0.06198171750807834,396.5332468447228,100.75403115086229,430.77734581389524,456.35665171054205,130.88374595414967,184.53652848040252,52.479561065289374,406.4482768712728
0.4319862910855348,0.0005566980977379067,0.0003516444480131758,0.6023883022852261,6.27127414301878,0.004835600455351527,0.003784068859027562,24.256942052221017,14.583353128613716,0.014770888485269128,715.6412048258137,1753.5541624968266,311.77187883211036,297.99443817961526,835.3123443646215,382.6592127069489,873.2565176367027,854.816559665208,1826.3005660523577,767.2758408867568,0.7840918227917696,0.06160002549500428,396.53272858142066,100.75362035925492,430.7796468666647,456.35658476984514,130.88347439118365,184.53595582504008,52.48555218163946,406.46205399333076
0.43287057619384306,0.0005516118805184775,0.00034827524965955203,0.5984629795708206,6.250623851098493,0.004808942859223038,0.003763235339807612,24.247527173606308,14.568294627314081,0.014689856793890269,715.6417583145421,1753.5545981917458,311.7716635219523,297.99563613954246,835.3133669509155,382.65889443526453,873.2560208077002,854.8159907226914,1826.3018113616065,767.2774759352002,0.7805148953495094,0.06122113581472051,396.53221340643785,100.75321153385649,430.78193139814505,456.3565145015925,130.8832041185069,184.5353861173026,52.491521532061974,406.4757725076824
0.43375486130215124,0.0005465796409265309,0.0003449419497661337,0.5945656261974612,6.230059092558862,0.004782470334392563,0.0037425453031399813,24.238155840039774,14.553305285599665,0.01460938771317485,715.6423057891805,1753.5550278534188,311.7714492226035,297.9968274659779,835.3143813514184,382.65857764584064,873.2555251265949,854.8154223704686,1826.303043364665,767.2791011818582,0.7769577357800715,0.0608450235715766,396.5317012967892,100.75280466071361,430.7841995352955,456.35644094691355,130.88293512702415,184.53481933654476,52.497469220952,406.48943274958924
0.4346391464104595,0.0005415972683169508,0.00034164453425069094,0.590696019704635,6.209579391014643,0.004756182322275037,0.0037219999894095137,24.228827785739377,14.53838467495964,0.01452947186784732,715.6428472948525,1753.5554515233687,311.77123592746705,297.99801220236867,835.3153876266767,382.6582623282488,873.2550305879366,854.8148546075396,1826.3042621606592,767.2807167000178,0.7734202056810153,0.06047166413445958,396.5311922279528,100.75239972515612,430.7864514025424,456.35636414391337,130.88266740712353,184.53425546127,52.50339535165216,406.503035049891
0.43564599762123046,0.000535984796019522,0.00033793329913427,0.5863235659863445,6.186364060269765,0.004726472956991101,0.003698781208973997,24.2182591768045,14.52147913466498,0.014439147835222457,715.6434566444055,1753.5559266755233,311.77099428229815,297.9993531788296,835.3165235583425,382.65790508509014,873.2544688868674,854.8142088653934,1826.305633928769,767.2825443818227,0.7694160816263371,0.06004987586207814,396.530616272945,100.75194100504683,430.7889957389748,456.3562727915335,130.8823641166606,184.53361694168254,52.51011675589253,406.5184525689095
0.4366528488320015,0.0005304385093890383,0.00033426697215370644,0.5819864686292434,6.163257690331195,0.00469699738888046,0.0036757443127629933,24.20774594995205,14.504661521215494,0.014349531539537205,715.6440583763257,1753.5563941792868,311.77075391929617,298.0006857271109,835.317649116868,382.657549721899,873.2539086491477,854.8135638824587,1826.306988836143,767.2843596452124,0.7654370272763886,0.0596315892434733,396.5300441977222,100.75148475897335,430.79151932671357,456.35617733839956,130.88206244999603,184.53298213276315,52.5168104961651,406.5337958824474
0.4376597000427725,0.0005249603633170818,0.00033064458195344334,0.5776844042822253,6.1402595924556955,0.004667752412256193,0.0036528854342091546,24.19728772369176,14.487931215516411,0.014260619504347304,715.6446525536804,1753.5568540978666,311.7705148279614,298.0020099074527,835.3187643860485,382.65719622392214,873.253349865166,854.8129196559958,1826.3083270188743,767.2861625912557,0.7614828440830113,0.05921676914633703,396.5294759699991,100.75103096726066,430.7940223466335,456.3560778428613,130.8817623943111,184.53235100534596,52.52347672243352,406.5490654701645
0.4386665512535435,0.0005195422455051069,0.00032706649231779367,0.5734170588693466,6.117369086578112,0.004638737882821366,0.0036302079936432357,24.18688411851356,14.471287607783331,0.014172395835727394,715.6452392409052,1753.5573064890314,311.77027699924014,298.0033257823674,835.3198694526684,382.65684457627236,873.2527925276117,854.8122761847808,1826.3096486191153,767.2879533249659,0.7575533354906515,0.058805380859456746,396.52891155427733,100.75057960872778,430.79650497490735,456.3559743573553,130.88146393570537,184.5317235284764,52.53011558281043,406.5642618038194
0.43983764122161584,0.0005133151521330556,0.0003229599178127257,0.5684968769839452,6.090879106570266,0.004605276950442793,0.003604056969142927,24.174851680041193,14.452037334779115,0.014070639437960653,715.6459122892713,1753.5578232856237,311.7700019507976,298.0048459355268,835.3211420544299,382.65643787586134,873.2521460843155,854.8115286966901,1826.311165118329,767.2900209347891,0.7530136231426601,0.05833115813886518,396.5282598229946,100.7500576589639,430.79936715425265,456.3558490459449,130.8811187843134,184.530998250778,52.53780315174261,406.5818454529312
0.4410087311896882,0.000507174097122899,0.0003189104359927619,0.5636227444740598,6.064532711221708,0.004572119140088844,0.0035781411230309387,24.16289204476472,14.432902582945124,0.013969802937807559,715.646575384205,1753.5583300784854,311.7697285806517,298.00635502499,835.322401092805,382.6560336366284,873.2515015704778,854.8107822224479,1826.3126595724264,767.2920723116646,0.7485067258203937,0.05786147851370378,396.5276131565362,100.74953894468409,430.80220226230597,456.35571850129327,130.8807757568707,184.5302778283438,52.54545412909045,406.59933137252733
0.4421798211577605,0.0005011243938333025,0.0003149162370504985,0.5587941733997542,6.038328854407993,0.004539258989105312,0.003552452936096031,24.151004634965602,14.413882414790134,0.013869883931097768,715.6472286201329,1753.558826964034,311.76945687265163,298.0078531412186,835.3236466931368,382.65563183637875,873.2508589709264,854.8100367573337,1826.3141321846276,767.2941076066842,0.7440323441455019,0.05739628946233966,396.52697150717995,100.74902343663669,430.8050105726242,456.3555828115466,130.88043483433765,184.52956221767772,52.553068743690325,406.6167202912851
0.44335091112583286,0.0004951474950744192,0.0003109790137135354,0.5540106954896369,6.012266506775395,0.004506697970293976,0.0035270021284689425,24.13918887534599,14.394975910778037,0.013770851544627108,715.6478720951955,1753.5593140258964,311.76918681404766,298.0093403803913,835.3248789883385,382.6552324524798,873.2502182759376,854.809292300181,1826.315583172822,767.296126980557,0.7395901821984306,0.05693553918746105,396.52633481956457,100.74851110197781,430.8077923488285,456.3554420516812,130.8800959951018,184.52885137102706,52.56064722072909,406.6340129219734
0.44472500421718464,0.000488225627932294,0.0003064314252518973,0.5484548819975835,5.9818654190267795,0.004468868912888953,0.0034974387237615722,24.125415499869614,14.372935741451624,0.01365577124454926,715.64861479418,1753.5598731140133,311.7688720250638,298.01107167878786,835.3263081000068,382.6547668886616,873.249468929807,854.8084200748616,1826.3172583841872,767.2984763058133,0.7344186788931333,0.05640051073193418,396.52559402609523,100.74791396289906,430.81102285920787,456.3552705388523,130.87970104997046,184.52802331797295,52.569493618157,406.65418134060207
0.4460990973085365,0.0004814185962694973,0.0003019565426118999,0.5429597363683557,5.951656101594265,0.004431436885743686,0.003468181466056091,24.11173908487143,14.351049330635602,0.013541901732701889,715.6493443285312,1753.5604189568812,311.768559460081,298.0127882658494,835.3277192582857,382.654304587218,873.2487221617695,854.8075492234252,1826.3189044160615,767.3008041512509,0.7292906646089726,0.05587144176067819,396.52485992473504,100.74732110753878,430.81421763305633,456.35509229845826,130.87930891750614,184.52720169697974,52.57829093305152,406.6742193197557
0.44747319039988825,0.0004747407814996374,0.0002975505951126051,0.5375245065649199,5.921636931657616,0.004394391840614437,0.003439214303701393,24.098158737887324,14.329315229052249,0.013429246549779908,715.6500608418743,1753.5609517058444,311.7682490934094,298.0144902794678,835.3291126533642,382.65384551416247,873.2479779468108,854.8066797372645,1826.3205215761113,767.303110746016,0.7242056789723278,0.05534825230716359,396.52413244445023,100.74673249196123,430.81737709299847,456.3549074672306,130.87891956916354,184.52638644238056,52.5870395223194,406.69412799032835
0.44884728349124003,0.00046814641122624,0.00029321955302145784,0.5321484853471353,5.891806320853134,0.004357740370467109,0.003410564549176493,24.084673567858104,14.307732024046185,0.013317740045046824,715.6507644881916,1753.5614714800242,311.7679409079066,298.01617787260216,835.3304884954446,382.65338963413836,873.2472362736501,854.8058116166131,1826.3221102092173,767.3053963437852,0.7191632677782548,0.05483086368272226,396.5234114950346,100.7461480631975,430.8205016391149,456.35471615063847,130.87853296994132,184.52557747785332,52.59573973520635,406.7139084490004
0.45044519290128515,0.0004605802515469697,0.0002882769770669499,0.52597030500366,5.857351845416094,0.004315605973653096,0.0033776423110504455,24.069110428393905,14.282821179809172,0.013189499730189968,715.651566754243,1753.562059782463,311.76758523722276,298.01812239492966,835.3320666174445,382.65286347011795,873.2463769638155,854.8048038029057,1826.323922137103,767.3080281243568,0.7133524812022981,0.054236393770110136,396.5225812305966,100.74547364662521,430.82409175276604,456.35448568218663,130.8780868186323,184.5246445690308,52.605796689139765,406.7367510270084
0.45204310231133027,0.00045316764655846853,0.00028342310749581616,0.5198700729019042,5.8231477499713815,0.004273977815387655,0.0033451055975628136,24.05367346568363,14.258110289619594,0.013062816826253019,715.6523520240962,1753.5626309665718,311.76723244350205,298.02004780722007,835.3336215403247,382.6523415285347,873.245521020563,854.8037978113738,1826.3256963596812,767.3106321597635,0.7075979675696659,0.05364954402571919,396.52175959653295,100.74480476722916,430.8276358460495,456.3542468238436,130.8776443039227,184.52371997979245,52.61578924088632,406.7594234335919
0.45364101172137533,0.0004459441560303545,0.00027864988512831267,0.5138466671368058,5.789191598315547,0.004232837248180524,0.00331292029809086,24.038361347511458,14.233597186418688,0.012937712675770404,715.6531205077198,1753.563185264429,311.76688248659497,298.02195431126705,835.3351535408977,382.6518237592665,873.2446684030236,854.8027936264244,1826.3274333235436,767.3132087834767,0.7018990429315666,0.05307019701226873,396.520946492442,100.74414136205262,430.83113455101125,456.35399978225877,130.87720538503228,184.52280361527664,52.625717929607646,406.78192736783365
0.45523892113142045,0.00043880051210311825,0.000273974985103691,0.5078990651521436,5.7554810234981835,0.0041922037373272065,0.0032811561076705256,24.02317273694516,14.20927977582878,0.012814048247848025,715.6538724418657,1753.5637228304015,311.766535346959,298.02384214619707,835.3366629455614,382.6513101082589,873.2438191032518,854.8017912532996,1826.3291335641768,767.3157583877751,0.6962550338586656,0.05249823744399532,396.5201417723067,100.74348334663273,430.8345884498659,456.35374469279014,130.87677000583236,184.52189535542732,52.635583278757764,406.8042644570083
0.4569204022408308,0.00043138816563075233,0.00026915811411175897,0.501721071444634,5.720269939351536,0.004149976847594823,0.003248163409920674,24.007321689953333,14.1838995498757,0.012685477521514023,715.6546460589789,1753.5642706788487,311.7661730540585,298.02580877759675,835.3382271955605,382.6507739860513,873.2429289282763,854.8007383976847,1826.330883558721,767.3184125231604,0.6903744099494843,0.05190421685326785,396.5193039059907,100.7427966671003,430.8381752755911,456.35346778290796,130.8763156330908,184.52094824089914,52.64589677471675,406.827591440456
0.45860188335024116,0.0004241381327534458,0.00026442940739114843,0.495624575474404,5.685325437229107,0.0041082763035227895,0.0032155689966096735,23.991604482265835,14.158731275434045,0.012558531724148744,715.6554018066562,1753.5648005040937,311.7658137935405,298.02775517992285,835.3397670322119,382.650242315651,873.2420423393223,854.7996875154333,1826.332593872656,767.32103747338,0.6845531012652637,0.051318122025077434,396.51847510117034,100.74211581651836,430.841713865255,456.3531824018659,130.87586508960396,184.52000989097323,52.65614132201356,406.8507374005462
0.4602833644596515,0.0004170965241887427,0.00025977853196866167,0.4896083497731397,5.650644822800361,0.004067079919106668,0.003183330813171744,23.97601964646018,14.13377256683044,0.012433242079560258,715.6561399125551,1753.5653125634067,311.76545752042176,298.02968157313626,835.3412827553581,382.6497150425116,873.2411592896719,854.7986385877646,1826.3342649890346,767.3236335996207,0.6787903592581076,0.050739826064740014,396.5176552507544,100.74144072716534,430.84520491262055,456.35288877515467,130.87541833155706,184.51908020313857,52.66631752097092,406.87370421628094
0.46196484556906187,0.00041012196756653405,0.0002552309488703539,0.48367129137812254,5.616225485495944,0.004026413484174823,0.0031515387854059913,23.960565706523074,14.109021125924698,0.012309437491978003,715.6568606401069,1753.5658070145005,311.7651042165615,298.0315882258004,835.3427747291651,382.6491921059936,873.2402797742197,854.7975916217298,1826.335897503995,767.3262013379523,0.6730854473208789,0.05016920448957861,396.5168441895387,100.74077130391917,430.8486490489951,456.3525870386439,130.87497529559104,184.51815904301944,52.676425952745184,406.8964936785951
0.46312551910276584,0.0004053845862688032,0.0002521451538118774,0.47961868053290446,5.59261794304638,0.003998636137963815,0.003129823174176606,23.949973952821,14.092055678589244,0.012224880741182888,715.657348109636,1753.5661381824298,311.764862049553,298.03289291995407,835.3437908838566,382.6488336422288,873.2396747076326,854.7968700667726,1826.3370020919117,767.3279573815679,0.6691808826442055,0.04977973541316394,396.5162894179857,100.74031249580821,430.8509994176823,456.3523741497675,130.8746716327686,184.51752812119503,52.683364260126034,406.912122028317
0.4642861926364698,0.00040070997702450277,0.0002490999946176888,0.4756028437173048,5.56913279052423,0.00397109730142728,0.0031082928633404954,23.939443422684647,14.075187134088713,0.012141045815580115,715.6578274750813,1753.5664611570066,311.7646212631155,298.0341883810972,835.344795957975,382.64847720280164,873.2390712902691,854.7961494329802,1826.3380886677608,767.3297001831581,0.6653032914399356,0.049393825236611996,396.5157387488513,100.73985633367184,430.8533279711809,456.35215756593726,130.87436970854307,184.5169011813622,52.690270748248274,406.927667337464
0.4654468661701738,0.00039610196297983416,0.0002460942641939452,0.4716234065190943,5.545769185668746,0.003943792818206607,0.0030869422639393726,23.92897365537469,14.058414750396661,0.01205793114046061,715.6582988091959,1753.5667760126807,311.764381844745,298.03547468083514,835.345790048531,382.6481227703763,873.238469509806,854.7954297157578,1826.3391573881818,767.3314298593311,0.6614524410319266,0.04901143497018135,396.5151921456242,100.73940279488592,430.8556349222111,456.3519373513486,130.8740695081706,184.51627818978807,52.69714560581893,406.9431301914128
0.46660753970387775,0.00039154720791062053,0.00024312953419506635,0.46768000860843023,5.522526298538441,0.003916723590033156,0.003065778016283848,23.91856419217493,14.041737798716268,0.011975514622304862,715.6587621873571,1753.5670828147772,311.76414378443127,298.03675189485216,835.3467732579704,382.64777032720633,873.237869357732,854.7947109129474,1826.3402084203767,767.3331465336155,0.6576281012720271,0.04863252613199892,396.5146495663581,100.73895185425843,430.85792047631236,456.35171356073727,130.87377101507076,184.51565910970953,52.703989018812734,406.95851116389935
0.4678818574974991,0.0003866090943709348,0.00023992101147021107,0.46339157529318137,5.4971456896173105,0.00388727083306562,0.003042752311471103,23.907204426004775,14.023537008898915,0.011885827655175915,715.6592618584472,1753.5674104659802,311.76388396503734,298.03814378452944,835.3478403184445,382.64738564628084,873.2372123052431,854.7939227786915,1826.3413421746502,767.3350164544968,0.6534595721177967,0.04822048172571667,396.514058452766,100.73845972642543,430.8604054188787,456.35146381272847,130.87344524454915,184.51498387902444,52.711466493454445,406.9753045057509
0.46915617529112047,0.00038174324882952836,0.00023675869975505276,0.4591456660054277,5.471908515390324,0.003858092442493719,0.003019939064639779,23.89591621423276,14.005449425847326,0.011796975390055867,715.6597521179274,1753.567728591471,311.7636257520991,298.0395248990871,835.348894501925,382.64700332072334,873.2365571856619,854.7931357355344,1826.3424549940082,767.3368709904976,0.6493224269978417,0.04781253853852832,396.5134720993511,100.73797067446573,430.86286509187477,456.3512099094229,130.87312149548822,184.51431327984943,52.71890653176262,406.99200059136285
0.47043049308474183,0.000376956328023439,0.00023364071009857203,0.454941807459373,5.446813702329343,0.003829182799461097,0.0029973299532087883,23.88469897134425,13.987474106930256,0.011708957831162749,715.6602330571964,1753.5680372862919,311.76336912955225,298.040895328928,835.3499359303792,382.6466233286656,873.2359039828569,854.7923497771881,1826.3435470751344,767.3387102881505,0.6452163715668567,0.0474086477040623,396.5128904606519,100.737484670062,430.8652997648156,456.3509519316971,130.87279974944542,184.5136472698464,52.72630937542772,407.0086001667619
0.4717048108783632,0.00037222670919131296,0.00023056969832866691,0.45077954841825574,5.421860195188743,0.0038005444927353086,0.0029749374874429757,23.87355211366849,13.969610129115907,0.011621741096114089,715.660704772164,1753.5683366299932,311.76311408541,298.04225517137985,835.3509647350671,382.6462456476916,873.2352526872673,854.7915649015974,1826.3446186326426,767.3405345057795,0.6411411149533045,0.04700876104731155,396.51231348211303,100.73700168058772,430.8677096959955,456.3506899450718,130.8724799849011,184.51298580156814,52.733675262021684,407.0251039602061
0.47297509295393425,0.0003675741452023481,0.00022755391524260788,0.44667141507187963,5.397125304324116,0.0037722616115247764,0.002952824686678267,23.8625100384213,13.951912621333443,0.011535597227474685,715.661165901543,1753.5686258098872,311.762861404562,298.0436002584291,835.351977836617,382.6458714416954,873.2346053372089,854.7907835833118,1826.345666561376,767.342338080032,0.6371091314278242,0.04661407878513002,396.511742924585,100.73652319376855,430.87008763195047,456.3504248759667,130.87216318716384,184.51233090714217,52.740981275515416,407.04146088591887
0.47424537502950537,0.00036298888268209583,0.00022458119739961788,0.44260370986452774,5.3725287490508,0.0037442387988200674,0.0029309134209326722,23.85153677128176,13.934323931601673,0.011450245004130952,715.6616180409351,1753.5689058794135,311.76261026154106,298.04493500033203,835.3529786302191,382.6454994901047,873.2339598517682,854.7900033290862,1826.3466944772758,767.344126953307,0.6331071849594433,0.046223281824437086,396.51117690928186,100.73604764776687,430.87244150081517,456.3501559759382,130.8718483225081,184.5116804434857,52.748251034614626,407.05772407747673
0.47551565710507643,0.00035847704794571847,0.00022164980276311093,0.43857598711701107,5.348069507549455,0.0037164708335735612,0.0029091959436844095,23.840631756116906,13.916843165963103,0.01136568433453761,715.6620612765327,1753.569176928234,311.7623606411938,298.046259482865,835.3539672310532,382.64512977223524,873.2333162155841,854.7892241327656,1826.3477025659633,767.3459012639095,0.6291349974420198,0.04583632444474745,396.51061539335035,100.73557501583377,430.8747715570678,456.3498833201778,130.8715353735071,184.5110343705858,52.755484770522486,407.0738942445737
0.4767859391806475,0.00035401883403613524,0.00021876210658862796,0.43458782147905217,5.3237465750198325,0.0036889601282002944,0.00288768381749906,23.82979443857185,13.899469448722087,0.011281883677002785,715.6624956985797,1753.5694390316683,311.76211253211557,298.047573798147,835.3549437628538,382.64476226694984,873.2326744193933,854.7884459921369,1826.348691029696,767.347661161084,0.6251922940053894,0.045453161563940754,396.5100583255478,100.7351052672382,430.8770780448202,456.34960696964976,130.87122431989152,184.51039264369612,52.76268271059027,407.08997208037357
0.47793779389590774,0.00035002827542681396,0.00021618018557142585,0.43100530177351737,5.301808249321555,0.003664231902424298,0.0028683480459794452,23.820025543558856,13.883807278579429,0.011206554594571939,715.662882070788,1753.5696690393627,311.761888848097,298.0487568614134,835.3558189136515,382.6444309197667,873.2320940353403,854.7877413043486,1826.3495705245912,767.3492446363849,0.6216424270246953,0.04510896375907881,396.5095570035587,100.73468178391553,430.8791493340656,456.34935325073843,130.87094389001533,184.509814469189,52.76917883750198,407.1044717554101
0.47908964861116793,0.0003460889160670036,0.00021363168648915585,0.4274546309313204,5.279980438237534,0.0036397082324791897,0.002849171304682092,23.81031146138785,13.868231762927346,0.01113184694638106,715.6632613275748,1753.5698918271305,311.76166638392414,298.0499316964665,835.3566843172808,382.6441013603586,873.231515141286,854.7870374754609,1826.3504341677608,767.3508164723734,0.6181163791149884,0.044767816671493155,396.5090592729147,100.73426063019959,430.8812016313856,456.3490966059682,130.87066499173744,184.50923980660386,52.77564588660723,407.11889659740365
0.4802415033264281,0.00034220379212095457,0.0002111156016249598,0.4239354930401117,5.258262408634312,0.003615385798806942,0.0028301490775430125,23.800651793486853,13.852742262702066,0.011057759160943119,715.6636335305027,1753.5701074581268,311.76144512898327,298.05109836503254,835.3575400562637,382.64377357394017,873.2309377264927,854.7863345011328,1826.351282092231,767.3523767681065,0.6146139520543736,0.0444296880176334,396.50856510272655,100.73384178683064,430.88323511767345,456.3488370874883,130.87038761249494,184.50866862717558,52.78208402457021,407.1332471150536
0.48139335804168837,0.00033836258162086414,0.00020863292389665386,0.4204475834028755,5.23665343749749,0.0035912653847415803,0.002811286904012757,23.79104614298205,13.837338149708343,0.01098427291880672,715.6639987430337,1753.5703159880372,311.76122507460593,298.0522569319978,835.3583862174047,382.6434475455479,873.2303617833956,854.7856323790917,1826.3521144396511,767.3539256282905,0.6111349496911679,0.04409454591924837,396.5080744577559,100.73342523248314,430.88524996806757,456.3485747397788,130.87011173824908,184.50810089967283,52.788493415778795,407.1475238075096
0.48248585332288807,0.0003347625903244643,0.00020630836026831262,0.41716799408523736,5.216258177165967,0.0035685715382462197,0.0027935407021619087,23.78198506612323,13.822806199353836,0.010915128874405164,715.6643387301534,1753.5705072658955,311.76101746040905,298.0533483625015,835.3591799958231,382.6431399299508,873.2298168711859,854.7849672236698,1826.3528896172372,767.3553841908416,0.607856702256154,0.04377940603426331,396.5076123276749,100.73303224282795,430.8871439263938,456.348323343863,130.86985146038663,184.5075655935284,52.794546093095036,407.1609970054467
0.48357834860408777,0.00033120593711311145,0.00020401223841414097,0.41391595961240407,5.195959767673472,0.0035460543345857435,0.0027759319678908696,23.772971899756694,13.808349969111436,0.010846521316315227,715.6646725339655,1753.5706922627414,311.7608109082904,298.05443261093666,835.359965299596,382.6428338706115,873.22927326484,854.7843028276639,1826.353651010102,767.3568326359591,0.6045991888475294,0.04346689797848749,396.5071533156428,100.732641279211,430.8890214284958,456.34806949025983,130.86959251476802,184.50703334324274,52.80057319666,407.17440466265504
0.48467084388528753,0.00032769464166137216,0.00020174381197876317,0.4106912223235347,5.175757604888648,0.003523711215253497,0.0027584573747865358,23.76400631594725,13.793968934082205,0.010778448423617517,715.6650002048702,1753.5708710300023,311.76060540962453,298.0555097281442,835.3607421964205,382.6425293554081,873.228730955604,854.7836391874787,1826.3543987273683,767.3582710448809,0.6013622471417678,0.04315699554106255,396.5066973962792,100.73225232579796,430.8908826222677,456.34781322083444,130.86933489105812,184.50650412517456,52.80657486440595,407.18774719803815
0.48576333916648723,0.0003242215327847098,0.00019950367997121775,0.40749353257499255,5.15565109221498,0.003501542498043582,0.0027411205617827936,23.75508798825724,13.779662577448157,0.010710896661966488,715.665321794505,1753.5710436139198,311.76040095713137,298.0565797670923,835.3615107568821,382.64222637211697,873.2281899369214,854.7829763009552,1826.3551328840913,767.3596995027231,0.5981457164083274,0.04284967282070001,396.5062445412086,100.73186536533152,430.89272765147325,456.34755457204983,130.86907857790484,184.50597791398133,52.812551232573554,407.20102502349664
0.4869146836901149,0.0003206037668592054,0.00019717303169418778,0.40415258837625245,5.1345643688610405,0.003478365787950392,0.002722996241519729,23.74574004641805,13.764665835928247,0.01064026741358483,715.6656541802699,1753.5712188571963,311.76018661451457,298.05769984046583,835.3623117686982,382.64190871287803,873.2276211627961,854.782278518718,1826.3558920297974,767.361194225448,0.5947778358951084,0.042528559316315995,396.50577058097656,100.7314597001926,430.894654731803,456.3472794601775,130.86880986508572,184.5054265860104,52.818822297873105,407.21494850422727
0.48806602821374256,0.00031703193934666795,0.00019487219109664796,0.40084111255896643,5.1135825288044945,0.003455377552657577,0.002705018433983687,23.736443857139047,13.749750865150192,0.01057021135758175,715.6659799240538,1753.5713873468599,311.7599734147601,298.0588121660964,835.3631036728364,382.6415927280796,873.2270538027061,854.7815815655782,1826.3566363582145,767.3626780773864,0.5914322633811047,0.04221025292610655,396.5052999672797,100.7310562130783,430.89656418776286,456.3470017973811,130.8685425846894,184.50487854473084,52.8250655733823,407.2288010507769
0.48921737273737026,0.0003135087756194661,0.00019260024847443167,0.3975588160259721,5.092704888319367,0.0034325748056900545,0.0026871830728524425,23.72719905014879,13.734917072869168,0.01050072703158925,715.6662990823306,1753.5715491409353,311.75976134810594,298.05991680120144,835.363886545171,382.64127840409816,873.2264878466209,854.7808854372983,1826.3573659915462,767.3641511495457,0.5881088163473963,0.04189472442559355,396.5048326718179,100.73065488627562,430.8984561856374,456.34672163028915,130.86827672515645,184.50433376365942,52.831281215876345,407.24258313709265
0.49036871726099795,0.0003100249565541365,0.00019035813502332968,0.39430541977614797,5.0719307728696785,0.0034099582638477946,0.002669495228284498,23.718005256728066,13.72016387670071,0.010431797803535437,715.6666117132795,1753.5717042906438,311.7595504065511,298.0610138058426,835.3646604654406,382.6409657271564,873.225923287393,854.7801901315146,1826.3580810598141,767.3656135380555,0.5848073141449199,0.04158194495074871,396.5043686623695,100.73025570020536,430.90033088651415,456.3464389986011,130.86801227359493,184.50379221408485,52.83746938004801,407.2562952284529
0.4916191308398614,0.0003062869583474269,0.0001879563996767695,0.39080448960466546,5.049485607328944,0.0033856036079131695,0.002650449503453383,23.70807773317711,13.704231841279888,0.010357562827024576,715.6669439157987,1753.5718653286867,311.7593225778988,298.0621966261951,835.3654909254659,382.64062799561424,873.2253117212563,854.7794359242805,1826.3588412986787,767.3671897622066,0.5812463797413578,0.04124533274043425,396.5038684160542,100.7298245700968,430.9023474942454,456.3461293076813,130.8677266484591,184.503207696152,52.84415906661772,407.2711084496049
0.4928695444187248,0.00030260084020332747,0.00018558764938699185,0.38733695646035265,5.027160904111325,0.0033614620277275776,0.002631569062153921,23.69820948984262,13.68839344686232,0.01028397715802631,715.6672685545985,1753.5720186681422,311.7590960530486,298.0633705841792,835.3663110088255,382.64029217413076,873.2247017788592,854.7786826770774,1826.359584651916,767.3687536037545,0.5777108917484718,0.040911893340648875,396.503371977388,100.7293959223003,430.90434409815606,456.3458168196747,130.86744265615457,184.50262692597295,52.85081672083686,407.2858402516446
0.49411995799758823,0.00029897105495324376,0.0001832505896106112,0.3839024659336242,5.004955817797378,0.0033375295581806763,0.0026128480810218534,23.688400070200576,13.672647963463465,0.010211040393075918,715.6675856986735,1753.5721643808042,311.758870819858,298.0645357499689,835.3671208081545,382.63995824599624,873.2240934475137,854.7779303843663,1826.3603112685516,767.3703051737482,0.5742006260654784,0.04058159118829494,396.50287931210954,100.72896973527196,430.9063209025184,456.3455015915065,130.86716028262913,184.5020498712639,52.85744253744031,407.3004912204954
0.4953703715764517,0.0002953831326110353,0.0001809469752029878,0.38050067859868925,4.982869515899232,0.0033138079127657634,0.002594295100842294,23.678649019262203,13.65699467498385,0.010138728707880646,715.6678954198693,1753.572302527769,311.7586468689464,298.0656921983319,835.367920422335,382.63962619421596,873.2234867190675,854.777179043534,1826.3610213099691,767.3718445913588,0.5707153610599925,0.04025439119191275,396.50239037980424,100.72854598453448,430.90827810390937,456.3451836695414,130.86687951173883,184.50147649624543,52.864036708194405,407.31506192958307
0.49661523080074577,0.00029185612635771596,0.00017868597348621258,0.37714614486654174,4.960998492874242,0.0032903972666985816,0.002575986547395105,23.66899881871376,13.641501790456273,0.010067358617383797,715.6681964587997,1753.572432614486,311.7584251749676,298.0668349187505,835.3687064574046,382.63929746506284,873.2228842658974,854.7764319804066,1826.3617118769973,767.373365207042,0.5672701945918208,0.03993169180129124,396.50190729415544,100.72812651524089,430.9102073366887,456.34486453857056,130.8666015663416,184.50090929203353,52.87057034225424,407.32948875974307
0.49786009002503984,0.0002883774696311464,0.0001764556931427823,0.3738233451910266,4.9392435682538585,0.0032671887896711595,0.002557834897715021,23.65940558825088,13.626098876856217,0.009996604486491456,715.6684902733563,1753.5725553396533,311.75820472878337,298.06796913483123,835.369482576526,382.6389705635201,873.2222833773759,854.7756858502382,1826.3623863039006,767.3748739926657,0.5638493760351833,0.03961199904690357,396.5014278418717,100.72770941885523,430.91211753242095,456.3445428449232,130.8663251820935,184.5003456723245,52.87707298821263,407.3438371725816
0.4991049492493339,0.00028495124719993205,0.00017425494913926703,0.37053194620953867,4.917603938269586,0.0032441787829825567,0.002539834745430945,23.649868894778933,13.610785242556876,0.009926465881934668,715.668776928579,1753.5726707709482,311.757985518945,298.0690949130921,835.3702488671074,382.63864547379694,873.2216840414425,854.7749406476529,1826.3630447312376,767.3763710529669,0.5604526938002239,0.03929527966305937,396.5009519906761,100.7272946750419,430.91400888370777,456.34421864142195,130.86605034572668,184.49978560663172,52.88354483207623,407.35810772483177
0.500349808473628,0.00028156423586917433,0.00017208533725064697,0.36727162833173566,4.896078811159067,0.0032213687996408918,0.00252199389861409,23.640388306695133,13.59556020883292,0.009856920762488237,715.6690564920698,1753.5727789662128,311.75776753653787,298.070212324243,835.3710054222801,382.63832217985765,873.2210862502072,854.7741963699683,1826.3636873109579,767.3778565001675,0.5570799385937898,0.03898150081920963,396.50047970264455,100.72688226076963,430.9158815760626,456.3438919711571,130.86577704205135,184.49922906125124,52.88998605708466,407.372300961642
0.5015044650493449,0.00027846138721059944,0.00017009994195433224,0.36427505369821006,4.8762150668300235,0.0032003870263658234,0.0025055835038026845,23.631644467039163,13.581516994049244,0.00979294615847485,715.6693095142175,1753.5728729106431,311.75756643663897,298.07124134480694,835.37169852904,382.63802390368454,873.2205331455446,854.7735068448527,1826.364269281785,767.3792240192377,0.5539727822239852,0.03869305881430397,396.50004479461023,100.7265017953116,430.9176020574484,456.34358681145875,130.8655249008809,184.4987159643027,52.89593333864125,407.3853971168522
0.5026591216250618,0.0002753973037459659,0.00016813953043988726,0.36130468306697966,4.85644853013657,0.0031795720681962597,0.0024893028626495127,23.62294819506018,13.567548886690378,0.009729479058903747,715.6695565401591,1753.5729607379906,311.7573663744785,298.0722632749711,835.3723834018743,382.6377271470097,873.2199813507121,854.7728181069524,1826.3648378466094,767.3805817171213,0.5508858694033254,0.03840709324513092,396.49961289942974,100.72612330090385,430.9193067961858,456.34327961294457,130.86527405669923,184.49820584637615,52.90185458015536,407.3984276568665
0.5038137782007788,0.00027237434486001796,0.00016620333565084853,0.3583602627921844,4.836778582351593,0.0031589213334621865,0.0024731484350239944,23.614299157862252,13.553655356186885,0.009666518258341441,715.6697976196907,1753.5730424995684,311.7571673414074,298.07327816599894,835.3730601078669,382.6374318977321,873.2194308565912,854.7721301521574,1826.3653931133388,767.3819296741829,0.5478190382873293,0.03812357889495215,396.4991839922329,100.72574676188255,430.9209959391835,456.3429704149842,130.8650244992773,184.4976986840114,52.90774992544696,407.41139300988107
0.5049684347764957,0.0002693845822008526,0.00016429217608680458,0.35544154786721716,4.817204612747464,0.0031384354565698468,0.0024571246059010635,23.60569702393247,13.539835880555469,0.009604049367734797,715.6700328040173,1753.5731182407887,311.75696933029263,298.074286071578,835.3737287174265,382.6371381436381,873.2188816565626,854.7714429779821,1826.365935196687,767.383267975246,0.544772128645518,0.03784249085051782,396.49875804477665,100.72537216097268,430.9226696288792,456.3426592509566,130.86477621723688,184.4971944518191,52.91361951649997,407.42429359654744
0.5060800115704807,0.000266539745882756,0.0001624754472301154,0.3526557821532719,4.798451046192035,0.0031188671807038494,0.00244181890597973,23.59745983801343,13.526601479811104,0.00954437520505106,715.6702536898389,1753.5731855151423,311.7567796645018,298.0752498202088,835.3743647938347,382.6368567508754,873.2183541612501,854.7707821756941,1826.3664446987382,767.3845472957806,0.5418575704401437,0.0375741593356702,396.49835076275826,100.72501335298753,430.9242664089064,456.3423578747881,130.86453839406772,184.49671177917193,52.91924591682308,407.4366520734115
0.5071915883644658,0.0002637288110113637,0.00016068064486558155,0.3498933910264644,4.779785327780107,0.003099447556428581,0.0024266289152868304,23.589265528356805,13.513434768267581,0.009485153207862128,715.670469200507,1753.573247300384,311.7565909306374,298.07620718636076,835.3749934861228,382.6365767223501,873.21782784931,854.7701220896681,1826.3669421750708,767.3858178105222,0.538961187749845,0.03730803194886799,396.49794617927427,100.72465631320517,430.9258491273478,456.34205474502875,130.86430173459794,184.4962317802447,52.924848705586484,407.4489512886271
0.5083031651584509,0.0002609535177747209,0.00015890716169952458,0.34715415784961273,4.761206923591241,0.003080174462009654,0.002411551830326166,23.581113808201266,13.50033528952362,0.009426382020248033,715.6706793787033,1753.5733036403376,311.7564031213213,298.07715821421806,835.3756148518835,382.63629804767487,873.2173027129303,854.7694627163332,1826.367427718327,767.387079588448,0.5360828417623374,0.03704408724332813,396.49754427295653,100.72430102815568,430.92741790994995,456.3417498947698,130.8640662300269,184.495754434865,52.93042800741276,407.4611916114568
0.5094147419524359,0.0002582078508741859,0.00015715556902676518,0.3444378726809288,4.742715306104823,0.003061048242761054,0.0023965908572765047,23.5730043920377,13.487302594033999,0.009368050219776573,715.6708842681265,1753.5733545743442,311.7562162303234,298.0781029497623,835.3762289511812,382.63602071639116,873.2167787461948,854.7688040533518,1826.367901426287,767.3883327018963,0.5332223949861404,0.036782304018793496,396.49714501989166,100.72394748315267,430.92897287898256,456.3414433525078,130.86383187068608,184.49527972140243,52.935983945456364,407.47337340519647
0.509999999999001,0.0002567786883895442,0.00015624492230848478,0.34301994855685075,4.733025663912631,0.00305105602101473,0.0023887750349340046,23.568757298033287,13.480476416625837,0.009337573280195013,715.6709893220905,1753.5733785061961,311.756118320263,298.07859700222133,835.3765484028668,382.6358754154955,873.2165034968848,854.7684576399984,1826.3681445208254,767.38898785577,0.5317258928989976,0.03664562365801703,396.49693622457823,100.72376226658639,430.92978422304213,456.3412810615451,130.86370908922368,184.49503118451597,52.93889670743464,407.4797559675136
0.51,0.0002567786883895442,0.00015624492230848478,0.34301994855685075,4.733025663912631,0.00305105602101473,0.0023887750349340046,23.568757298033287,13.480476416625837,0.009337573280195013,715.6709893220905,1753.5733785061961,311.756118320263,298.07859700222133,835.3765484028668,382.6358754154955,873.2165034968848,854.7684576399984,1826.3681445208254,767.38898785577,0.5317258928989976,0.03664562365801703,396.49693622457823,100.72376226658639,430.92978422304213,456.3412810615451,130.86370908922368,184.49503118451597,52.93889670743464,407.4797559675136