"Time ",U0,U1,U2,U3,L0,L1,L2,L3,L4,U2L2,U0L2,U0L0,U1L4,U1L2,U1L1,U2L0,U3L0,U3L3,U3L4
0.31000000000000005,1.3521564129747377e-22,1.1048916675771454e-21,1.503927535744004e-26,1.5583319893616307e-21,394.19061329020616,423.8568497619413,606.6412003121213,331.86614177913054,19.44519485659937,2313.5132806346096,212.9024208310129,1170.4424160644853,786.9804442423131,0.0000849830900683987,593.8310461652973,2.561043743688946e-7,0.00011215263106378279,279.6037139728043,395.14039942575613
0.3100791936057764,1.3342799049350193e-22,1.0902415107833908e-21,1.4825647954765836e-26,1.5379796054051313e-21,394.1745754162186,423.90076022948256,606.610919380822,331.8641272162314,19.44961775724424,2313.513280636653,212.89241281432288,1170.329152267273,786.9322092678626,0.00008436640803941026,593.6411191877465,2.57125303507877e-7,0.00011167684521492201,279.4968681260714,395.1788039302591
0.31018142930592474,1.311551887156318e-22,1.0716163911563052e-21,1.4554358775962582e-26,1.5120989468335936e-21,394.15390073752343,423.95739310559526,606.5718670824609,331.861509117882,19.455329956537152,2313.513280639302,212.87947946374203,1170.182944534215,786.8699452209744,0.00008357681507949019,593.3959954025428,2.5843130809530846e-7,0.00011106559760133145,279.3589806413245,395.2283737824548
0.31028984616310384,1.2878734949252655e-22,1.0522136040638215e-21,1.4272105784308378e-26,1.4851302335010864e-21,394.13201243006944,424.01738388590996,606.5305018482677,331.85871134555543,19.461390490195974,2313.513280642126,212.86574766942206,1170.0279108843015,786.8039232556104,0.00008274744037104856,593.1361304395765,2.598016772731571e-7,0.00011042103512893503,279.2128132744211,395.28092980099603
0.3104385227440299,1.2560973668383623e-22,1.0261771566230299e-21,1.3893946450549266e-26,1.4489289577406453e-21,394.1020568556996,424.09954122038687,606.4738565020242,331.8548388855514,19.46970653633656,2313.5132806460224,212.84688911353538,1169.815329826579,786.7133955350886,0.00008162325993622444,592.7798988476246,2.616567918045827e-7,0.00010954317487073796,279.0124628304364,395.35298396631174
0.3105128610344929,1.240505186053053e-22,1.0134021673827258e-21,1.3708652693997286e-26,1.431161319682462e-21,394.08710539996144,424.140571989979,606.4455687292144,331.8528871596211,19.473866721222656,2313.51328064798,212.83744789214597,1169.7090493167368,786.6681364290806,0.00008106682835631738,592.6018403366056,2.625740016100674e-7,0.00010910685566054582,278.9123287961745,395.3890031975165
0.31061345787456174,1.219713776746716e-22,9.963681740012911e-22,1.3461848151127812e-26,1.4074647810222484e-21,394.0669005539794,424.1960452815597,606.4073258693246,331.8502295892883,19.47949870584662,2313.513280650641,212.8246590809638,1169.565237933704,786.6068954711839,0.00008031979721977997,592.3609469190995,2.6380433546779355e-7,0.00010851917079964851,278.7768680761656,395.4377371862139
0.31071405471463065,1.1992716112309564e-22,9.796212459170257e-22,1.3219500745845545e-26,1.3841614606097299e-21,394.04672778814177,424.2514601977028,606.3691255528029,331.8475531297353,19.485133331615906,2313.513280653314,212.81185572118534,1169.4214387962638,786.5456603110276,0.00007957955227249787,592.1201233906648,2.650222939004358e-7,0.00010793463970541119,278.6414576100969,395.48646159306537
0.31081465155469956,1.1791728095758906e-22,9.631565328571339e-22,1.2981529740277983e-26,1.3612448193894025e-21,394.0265870693356,424.306816788216,606.3309677476041,331.84485779532486,19.49077059951806,2313.5132806559986,212.79903782902147,1169.2776519115255,786.4844309454103,0.00007884603287287411,591.8793697283334,2.662280043299776e-7,0.00010735324553833058,278.50609738339523,395.5351764197696
0.3109152483947684,1.1594115882193474e-22,9.469692641175986e-22,1.2747855817166117e-26,1.3387084241260122e-21,394.0064783644885,424.362115102854,606.2928524217077,331.84214360041085,19.496410510537352,2313.5132806586953,212.78620542067006,1169.1338772865845,786.4232073711341,0.00007811917890188665,591.6386859091516,2.6742159287749617e-7,0.0001067749715473919,278.3707873814884,395.58388166802456
0.3110497569229646,1.1335063606752618e-22,9.257505532746329e-22,1.2441988302414643e-26,1.3091580514798177e-21,393.97964088029795,424.4359637821843,606.241954549866,331.8384849928989,19.50395579475125,2313.51328066232,212.7690244914467,1168.9416546984494,786.3413540729973,0.00007715760999264255,591.3169754826524,2.689988225103144e-7,0.00010600660481709776,278.1899421641375,395.64899073115987
0.31118426545116085,1.1081812106684445e-22,9.050085183382838e-22,1.2143482264159148e-26,1.2802613905311683e-21,393.952860494346,424.5097084804992,606.1911324910093,331.8347927255386,19.511505808605303,2313.5132806659653,212.751817677051,1168.749454058542,786.2595111155337,0.00007620771043250654,590.995389829426,2.70554897673543e-7,0.00010524374713236308,278.009186680296,395.71408267654374
0.31131877397935703,1.0834231203551589e-22,8.847324242935739e-22,1.1852160010883208e-26,1.2520039501011566e-21,393.9261371279099,424.58334931625683,606.1403861688011,331.83106683254965,19.51906055448092,2313.5132806696315,212.73458501609363,1168.5572753837123,786.1776784910915,0.00007526934089841873,590.6739288947598,2.720901089762444e-7,0.00010448635919097609,277.8285208951522,395.7791575082139
0.3114532825075532,1.0592193530945525e-22,8.649117679656726e-22,1.1567847965918771e-26,1.224371548119019e-21,393.89947070239566,424.6568864077503,606.0897155069846,331.8273073481243,19.526620034743488,2313.5132806733177,212.7173265471432,1168.3651186907675,786.0958561920343,0.00007434236366172542,590.352592623984,2.7360474309337296e-7,0.00010373440196578437,277.6479447738958,395.84421523020734
0.31160664622407774,1.0322831986918717e-22,8.428552777032156e-22,1.1252018815838962e-26,1.1936106115173322e-21,393.86913559339666,424.7406053832188,606.0320341289977,331.82297992419325,19.53524497019187,2313.513280677545,212.69761737493755,1168.1460526241701,786.002576763346,0.00007329917021328146,589.9863639853061,2.7530695080968043e-7,0.00010288361309705786,277.44216513729276,395.91837176838834
0.3117600099406023,1.0060335188736214e-22,8.213627051112386e-22,1.0944838969789454e-26,1.163624186735078e-21,393.83887428987737,424.8241898187359,605.9744508982159,331.81860892613287,19.543876067036397,2313.5132806817983,212.67787475928856,1167.9270151807434,785.9093107364473,0.000072270410825395,589.6202972587095,2.76983187957908e-7,0.00010203977683817505,277.2365019675468,395.99250607506093
0.3119133736571269,9.804527815635397e-23,8.004195978990753e-22,1.064607088271577e-26,1.1343927338336757e-21,393.80868667595206,424.9076398887647,605.9169657019864,331.8141944044526,19.552513328842412,2313.513280686077,212.6580987571639,1167.7080063851959,785.8160581000004,0.00007125588899115095,589.2543923634524,2.78633860712294e-7,0.00010120283665274345,277.03095521310615,396.06661815616786
0.3120667373736514,9.555238828542386e-23,7.800118564038308e-22,1.0355483223160984e-26,1.105897184135928e-21,393.7785726359512,424.9909557674957,605.859578427791,331.80973640961736,19.561156759142964,2313.51328069038,212.63828942546039,1167.4890262621632,785.7228188426973,0.00007025541075923245,588.8886492188612,2.8025936900894746e-7,0.00010037273645457222,276.82552482241994,396.1407080176525
0.3122443596117513,9.274446027233633e-23,7.570271546162e-22,1.0028860060537888e-26,1.073789633763866e-21,393.7437870642417,425.0872827723977,605.7932360733886,331.8045189998383,19.571175090131923,2313.5132806953943,212.61530514515462,1167.2354445166548,785.614848040724,0.00006911398029983878,588.4652561838224,2.821110617332267e-7,0.00009941980927164056,276.5877455514008,396.22648938546
0.31242198184985115,9.00192233136247e-23,7.347214747143577e-22,9.712570356789692e-27,1.04261627697785e-21,393.70909984871406,425.1834302795727,605.7270247438042,331.7992434221547,19.581201705752544,2313.5132807004406,212.5922763218504,1166.9819013026597,785.5068951523621,0.00006799083818916093,588.0420798836631,2.8393012785346115e-7,0.00009847589679929794,276.3501222183884,396.3122409655975
0.31259960408795096,8.737423733947609e-23,7.130747109206503e-22,9.40628629663559e-27,1.0123498809865004e-21,393.6745108107491,425.2793985580751,605.6609442649085,331.7939097546581,19.59123661160739,2313.5132807055193,212.56920304358357,1166.7283966580903,785.3989601600049,0.00006688569607237634,587.619120193577,2.8571715725879594e-7,0.00009754091417385607,276.1126547433805,396.39796276722296
0.3127772263260508,8.480713052997526e-23,6.920673187591506e-22,9.10968987357308e-27,9.829639652884094e-22,393.64001977211313,425.3751878764812,605.5949944628114,331.78851807536375,19.601279813228796,2313.513280710628,212.5460853982632,1166.4749306207302,785.291043046107,0.00006579826991833803,587.196376988871,2.8747272941335697e-7,0.0000966147773121447,275.87534304637353,396.4836547994991
0.3129822926972226,8.193724248691945e-23,6.685845814708044e-22,8.778914224601501e-27,9.500992241434215e-22,393.60032122637097,425.4855552299632,605.5190171558942,331.78222128880014,19.61288509896983,2313.5132807165646,212.51934081739572,1166.1823500089672,785.1664740408169,0.00006456449534864615,586.708585475385,2.894611717831601e-7,0.0000955564370972772,275.60155832812944,396.58254996092285
0.31318735906839446,7.916467700408005e-23,6.459006628616635e-22,8.460185546192251e-27,9.183356543423356e-22,393.56075279283675,425.5956848180366,605.4432135284709,331.77584740240763,19.624501458246414,2313.513280722541,212.4925373520098,1165.8898209642769,785.0419288150097,0.00006335353896202951,586.2210821558822,2.9140930014416426e-7,0.00009450964946898956,275.32798101520564,396.68140546924315
0.31339242543956625,7.648612757632073e-23,6.2398833129062635e-22,8.15306395424061e-27,8.87636294354517e-22,393.5213141991391,425.7055770512332,605.3675833141464,331.769396535687,19.636128899792663,2313.5132807285563,212.46567513675262,1165.5973435441683,784.9174073416034,0.0000621649854007077,585.7338668394184,2.9331795420274583e-7,0.00009347428892896499,275.0546109846468,396.78022133842154
0.31359749181073804,7.389839307832174e-23,6.02821220326707e-22,7.857124539767143e-27,8.579653461688968e-22,393.48200517358447,425.81523233926055,605.2921262469481,331.76286880801166,19.64776743219354,2313.513280734609,212.43875430604746,1165.3049178059223,784.7929095936405,0.000060998426459502634,585.2469393352321,2.9518795666013273e-7,0.00009245023130728897,274.7814481134884,396.878997582435
0.3138314449832166,7.105310426290097e-23,5.795500590728526e-22,7.532632544561597e-27,8.2532665509724585e-22,393.4373167425327,425.9400454475561,605.2062509845051,331.75532783611845,19.66105898928597,2313.5132807415607,212.40796984507625,1164.9713625229194,784.650903332716,0.00005969388793686634,584.6917717255291,2.972752039760131e-7,0.00009129556558418284,274.4700588155081,396.9916396299166
0.3140653981556951,6.831759481403807e-23,5.571795109529405e-22,7.22158214627918e-27,7.939322566425111e-22,393.3927961999452,426.0645512912577,605.1206003466627,331.74768715567205,19.674365006460572,2313.5132807485597,212.37710946532212,1164.6378746663327,784.5089278768094,0.00005841687239995068,584.1369781949784,2.993143581650232e-7,0.00009015527142064397,274.15893880857027,397.1042301409619
0.31429935132817366,6.568762202422951e-23,5.356746537256261e-22,6.92341522449177e-27,7.637346376868186e-22,393.34844314557847,426.1887504740645,605.0351739404923,331.7399469429865,19.687685496876593,2313.5132807556056,212.346173365326,1164.3044543201556,784.3669831857248,0.00005716680823273427,583.5825584619223,3.0130655942703145e-7,0.00008902917078966285,273.84808791036266,397.2167691360816
0.3145333045006522,6.315909523678342e-23,5.150018111473492e-22,6.637594988584589e-27,7.346879671765524e-22,393.30425718032404,426.31264359832613,604.9499713737767,331.7321073741741,19.70102047339719,2313.513280762696,212.31516174325185,1163.9711015680004,784.2250692195063,0.000055943134986562756,583.0285122449797,3.032529218315125e-7,0.0000879170878069436,273.53750593854613,397.32925663582574
0.3147965673894099,6.043022786873968e-23,4.926938783432001e-22,6.3300940572980844e-27,7.033239736723708e-22,393.2547348895593,426.4516928594658,604.854361779006,331.7231670740583,19.716043397908766,2313.5132807707278,212.2801749163216,1163.5960672239746,784.0654129232313,0.00005459703439561088,582.405501258213,3.053896640585295e-7,0.00008668222838808046,273.18833552053565,397.45577504862524
0.31505983027816764,5.781950632275966e-23,4.713546517922793e-22,6.036881439193322e-27,6.733017606389077e-22,393.20542310703263,426.5903561859489,604.7590345697271,331.71410143607466,19.73108470121495,2313.513280778814,212.24509299082226,1163.2211186946984,783.9057954244099,0.00005328289274639926,581.7829624838067,3.0747124539024534e-7,0.00008546465484099392,272.83950514194754,397.58222830992503
0.31532309316692536,5.532180802162791e-23,4.50941993880519e-22,5.757291795579219e-27,6.445638436747281e-22,393.15632126915415,426.7286344285399,604.6639891903096,331.7049107096271,19.7461444023674,2313.5132807869536,212.20991624740583,1162.8462560976177,783.7462166657975,0.00005199996297650791,581.160895523434,3.0949913379548357e-7,0.0000842641263238243,272.49101454344265,397.7086164485994
0.3155863560556831,5.293221382279116e-23,4.314154305028161e-22,5.490687912566004e-27,6.170549937788027e-22,393.10742881413006,426.86652843591935,604.5692250862555,331.6955951438206,19.761222519872767,2313.513280795144,212.1746449661248,1162.471479549576,783.5866765905806,0.000050747514353478667,580.5392999791566,3.114747597067212e-7,0.00008308040524555422,272.14286346562,397.83493949360593
0.3158725147184038,5.0451958196558464e-23,4.1115083721136013e-22,5.214923061100004e-27,5.884864782762091e-22,393.05452105528303,427.015980154324,604.4665378066244,331.68532810297637,19.777632880790573,2313.513280804104,212.13619926615206,1162.064206704679,783.4133052451659,0.00004941988251664232,579.8641789753586,3.135645469384999e-7,0.00008181252720303482,271.7648187464381,397.97217496002816
0.31615867338112447,4.808815500829946e-23,3.918404768265326e-22,4.953049520164552e-27,5.6124342892082135e-22,393.001859304271,427.16497998007804,604.3641814915251,331.67491417610535,19.794065048018776,2313.513280813122,212.0976425577355,1161.6570358127658,783.2399794632504,0.00004812652835865376,579.1896139734516,3.1559596229551535e-7,0.00008056393410030322,271.38717453290553,398.10933358879055
0.3164448320438451,4.5835329708565815e-23,3.734393479037578e-22,4.7043661867149275e-27,5.35264272301175e-22,392.949442846734,427.31352899250516,604.2621554333987,331.6643536809269,19.810519046433473,2313.5132808221956,212.05897519812515,1161.249967021531,783.0666991713675,0.00004686658035476107,578.5156044661048,3.175706904889056e-7,0.00007933433395148892,271.0099304925898,398.24641541648566
0.3167309907065658,4.368824110693077e-23,3.5590435348589645e-22,4.468203718207014e-27,5.104900283650801e-22,392.8972709707823,427.46162826811815,604.160458926253,331.6536469347699,19.82699490007501,2313.5132808313233,212.02019754374132,1160.8430004778404,782.8934642967016,0.00004563918760400987,577.8421499464675,3.194903697318325e-7,0.00007812343904372027,270.63308629295415,398.3834204798449
0.3170315632021789,4.1541436289707024e-23,3.3837420516725563e-22,4.232938898168566e-27,4.857042682230708e-22,392.8427337880993,427.6167042019359,604.0539940556193,331.6422437488537,19.844324205490167,2313.5132808409676,211.97934827735082,1160.4156452618993,782.711552394499,0.000044384120967275314,577.1353705440688,3.214492020738391e-7,0.00007687138349128711,270.23769061759117,398.52724387642337
0.317332135697792,3.950033336656016e-23,3.2170963208419307e-22,4.010098250481084e-27,4.621244610919405e-22,392.78846484478674,427.7712863732396,603.9478911795037,331.6306799224606,19.86167768000774,2313.5132808506687,211.9383781286309,1159.988403182796,782.5296904340661,0.0000431631228211023,576.4292023055538,3.2335083598896666e-7,0.00007563932938144235,269.84273532627424,398.6709826627479
0.3176327081934051,3.7559722118958475e-23,3.058678370044743e-22,3.799024500605843e-27,4.396918648829698e-22,392.734463324553,427.9253760165457,603.8421494853623,331.61895582060316,19.879055352934092,2313.5132808604244,211.89728750766182,1159.561274407856,782.3478783303398,0.00004197528228010175,575.7236446481695,3.251970021548402e-7,0.00007442695863115881,269.4482200345469,398.8146368806321
0.3179332806890182,3.571462366374464e-23,2.908079077533562e-22,3.599091355272362e-27,4.183503149176536e-22,392.68072841406644,428.07897436304677,603.736768162541,331.60707180783993,19.89645725250432,2313.5132808702333,211.85607682352273,1159.1342591034115,782.1661159990833,0.000040819711059552354,575.0186969896943,3.2698938131756935e-7,0.00007323395803982343,269.05414435781387,398.9582065720753
0.31827982536026683,3.3699744360789455e-23,2.743647375676155e-22,3.381639995010959e-27,3.9502965194864596e-22,392.6191046559741,428.2554572197029,603.6157151113939,331.59317215602357,19.91655085690389,2313.513280881606,211.80841453785396,1158.6420734048984,781.9566150163091,0.00003952632198444255,574.2066848208879,3.289912643325134e-7,0.00007188212864870673,268.6003404283581,399.12363020940796
0.31862637003151545,3.1798758798671624e-23,2.5885358262190803e-22,3.177365430625231e-27,3.730117058127014e-22,392.55783298536784,428.4312905025932,603.4951387871359,331.5790609747864,19.93667675011513,2313.513280893045,211.7605938195018,1158.150039013318,781.7471799524563,0.000038273395475912304,573.3954818598153,3.3092621868220643e-7,0.0000705551743478002,268.1471197762138,399.28894160513977
0.31897291470276407,3.000522479262761e-23,2.4422157008234763e-22,2.985468206957671e-27,3.5222365436164405e-22,392.4969121701563,428.60647607691476,603.3750379567266,331.56473881824814,19.956834977952628,2313.5132809045476,211.71261529046814,1157.6581561788357,781.5378106771971,0.00003705968448468159,572.5850872219315,3.32796570467945e-7,0.00006925263943113682,267.694481813521,399.454140822351
0.3193194593740127,2.831302119627229e-23,2.3041843332539086e-22,2.805191015546292e-27,3.325962623399281e-22,392.4363409833909,428.78101580233454,603.2554113904276,331.55020623983665,19.977025584008747,2313.513280916112,211.66447957100377,1157.166425149892,781.3285070618816,0.000035883977266127345,571.7755000233793,3.346045694881574e-7,0.00006797407621165538,267.24242595208693,399.61922792454686
0.3196996095180114,2.656648986166563e-23,2.161745250197121e-22,2.619963808831046e-27,3.1232377784444537e-22,392.37029670605307,428.9717405334108,603.124728302575,331.5340230291854,19.999211428774185,2313.5132809288657,211.6114959268686,1156.627184386906,781.0989820140094,0.00003463657858047935,570.8883323748768,3.3651874643567463e-7,0.0000665985770344313,266.7472016956912,399.8001951404226
0.3200797596620102,2.4927902917889593e-23,2.028132725297708e-22,2.4470030601365056e-27,2.9328952258812804e-22,392.3046700778377,429.161692742831,602.9946128302674,331.5175879966074,20.02143635245492,2313.513280941688,211.5583246859022,1156.088126919467,780.8695356495942,0.00003343200370686876,570.0021341407648,3.383632470884526e-7,0.00006525082713263715,266.25267642954447,399.9810276003283
0.3204599098060089,2.339058725581839e-23,1.902799575007244e-22,2.2854958137433703e-27,2.754178418050533e-22,392.239459500094,429.3508748534296,602.8650633639504,331.5009018657485,20.043700416775913,2313.5132809545767,211.50496665958892,1155.5492530686302,780.6401677966957,0.0000322688040009414,569.1169041659659,3.401407190670261e-7,0.00006393026911339371,265.7588493796849,400.1617253860859
0.32084005995000764,2.194822693679548e-23,1.785227516162362e-22,2.1346750139973835e-27,2.5863708387954616e-22,392.17466338147557,429.5392892804507,602.7360782987939,331.4839653593708,20.066003679907553,2313.5132809675288,211.4514226569058,1155.0105631530034,780.4108782860252,0.00003114557548765318,568.2326412961229,3.418537157518487e-7,0.00006263635629970196,265.26571977158324,400.3422885802324
0.32124250364470497,2.051826222295588e-23,1.6686858935622643e-22,1.9858719653203185e-27,2.4198729654955616e-22,392.10651722519555,429.737919230525,602.6001422670745,331.46576359600067,20.089657681202954,2313.513280981307,211.39453685624653,1154.44048305252,780.168227482971,0.000029998530679311526,567.2975742196202,3.435996264002071e-7,0.00006129500369337265,264.7444301712233,400.5332941619226
0.32164494733940224,1.9181638006831264e-23,1.5597705244424726e-22,1.8474719086235766e-27,2.264115663938278e-22,392.0388319184568,429.9356943471328,602.4648350893552,331.4472828877484,20.113355757305367,2313.5132809951515,211.33744448433876,1153.8706098200255,779.9256640840878,0.00002889321599813293,566.363588357756,3.452788076348752e-7,0.000059982291295172034,264.2239204301816,400.72414908989794
0.3220473910340995,1.7932261979068699e-23,1.4579823225958014e-22,1.718747255543424e-27,2.1184060430959618e-22,391.9716055994425,430.1326174553868,602.3301548789563,331.42852408327457,20.137097982938442,2313.513281009059,211.28014649180145,1153.3009438249314,779.6831878855429,0.00002782813515462781,565.4306823558748,3.468939359638105e-7,0.00005869761016630559,263.7041896328241,400.91485345944204
0.32244983472879685,1.6764381939428113e-23,1.3628496499780333e-22,1.5990131763455824e-27,1.9820894597394162e-22,391.90483641532086,430.32869137128984,602.1960997550551,331.4094880302304,20.16088442810237,2313.513281023026,211.2226438261415,1152.7314854336432,779.4407986870015,0.0000268018405113416,564.4988548599837,3.48447587822564e-7,0.00005744036373045403,263.1852368627452,401.105407366816
0.32287983614877347,1.5600608476241324e-23,1.2680679227429663e-22,1.4803090957481184e-27,1.8461370644230527e-22,391.8339982227494,430.5372563970136,602.0535537136248,331.38884304223916,20.18634862437171,2313.513281038015,211.16097850083503,1152.123262647722,779.1819075606421,0.000025746559313960754,563.5044098562589,3.500424711028483e-7,0.000056126684077934325,262.63160702700407,401.30884347623584
0.32330983756875015,1.4517773332333163e-23,1.1798936902663265e-22,1.3704427365631524e-27,1.7195289985425017e-22,391.76367757076935,430.74485854628807,601.9117168765353,331.3678835249846,20.21186348142129,2313.5132810530677,211.0990817384392,1151.5152777256133,778.9231152764684,0.000024732333798673547,562.5111929437887,3.515728579369916e-7,0.000054842963118950757,262.0788632607237,401.5121080343826
0.3237398389887268,1.3510250174987924e-23,1.097866497167134e-22,1.2687561536744428e-27,1.6016232212379395e-22,391.6938722325543,430.95150120235485,601.7705869717946,331.3466105009518,20.237429092343017,2313.513281068181,211.03695468294703,1150.9075311033891,778.6644215860023,0.00002375758936120806,561.5192024902581,3.530415029496559e-7,0.000053588520450466844,261.5270044504836,401.7152011551988
0.32416984040870345,1.2572741952243252e-23,1.0215523770990743e-22,1.1746318277165771e-27,1.4918148547330456e-22,391.62457999273283,431.1571877372061,601.6301617349396,331.32502499146847,20.263045543651586,2313.5132810833534,210.97459847434703,1150.3000232132927,778.4058262455984,0.00002282080579700842,560.528436863841,3.544510517734357e-7,0.00005236269038061748,260.97602948175654,401.9181229540275
0.3246218249195706,1.165747720587217e-23,9.470617763735734e-23,1.0832347853277314e-27,1.3845153225144427e-22,391.5522960044908,431.37236262844243,601.4833146487889,331.30200021632453,20.290026501951992,2313.513281099361,210.90880863088034,1149.661715337232,778.1341164061015,0.00002187545706316917,559.4883386065575,3.558717143002749e-7,0.000051104323874029027,260.3978384107078,402.1312342242437
0.32507380943043773,1.080896289045368e-23,8.780158353658538e-23,9.989698595703838e-28,1.2849492756714498e-22,391.4805739366685,431.5864887149427,601.3372410167723,331.27863248710656,20.317063844508517,2313.513281115427,210.84276817474705,1149.0236721937383,777.8625146675143,0.00002096881373317117,558.4495899416854,3.572326639504191e-7,0.00004987611512358326,259.82062134267477,402.344156462796
0.32552579394130493,1.0022335096485147e-23,8.140168990071046e-23,9.212807639187758e-28,1.1925597071700854e-22,391.40941125644935,431.7995698499453,601.191938236105,331.2549229757738,20.344157681725147,2313.5132811315502,210.77647841553434,1148.3858942717773,777.5910207414756,0.000020099313211906682,557.4121889978247,3.585365723227578e-7,0.000048677344266868446,259.24437698894263,402.55688979927487
0.3259777784521721,9.293024392563392e-24,7.546909335724723e-23,8.49646489141776e-28,1.1068229713233706e-22,391.3388054446752,432.0116098736383,601.0474037130582,331.23087285302705,20.371308115599874,2313.5132811477265,210.7099406580059,1147.7483820557557,777.3196343457648,0.000019265449423515743,556.3761339038016,3.5978600080205583e-7,0.00004750730776091017,258.6691040593621,402.7694343650972
0.3264545380170885,8.58127518636699e-24,6.9680331531725e-23,7.801303716483717e-28,1.0230711964306826e-22,391.2649301760566,432.23414857961893,600.8957764093115,331.2051366038596,20.400008231151958,2313.5132811648455,210.63948837635994,1147.0762137617658,777.0334884054116,0.000018422912230964616,555.2847450209705,3.6104755423168515e-7,0.00004630352055263825,258.063349486724,402.9934249030731
0.32693129758200495,7.924136207190126e-24,6.433663536064897e-23,7.163183131254393e-28,9.456698322390844e-23,391.1916687847189,432.45553761045153,600.7449979960983,331.1790240362492,20.428771572480805,2313.5132811820185,210.56876312974813,1146.4043421932088,776.7474614486612,0.000017616803302302934,554.1948493306637,3.6225392035450117e-7,0.000045130155682869126,257.4586728120032,403.21720570133164
0.3274080571469214,7.317422884948872e-24,5.940382896500478e-23,6.5774273418899705e-28,8.741378840957943e-23,391.1190183623247,432.67578139668035,600.5950654623105,331.15253650669786,20.457598271985262,2313.5132811992435,210.497766431983,1145.7327679029681,776.4615531372696,0.000016845569242982384,553.1064446659761,3.634076935681634e-7,0.000043986447303572114,256.8550725282126,403.44077690865316
0.32788481671183783,6.757212955306422e-24,5.484983363581621e-23,6.03966671826105e-28,8.080241931302114e-23,391.0469760170347,432.89488435359243,600.445975807877,331.1256753703602,20.486488451134345,2313.5132812165184,210.42649979098968,1145.0614914384296,776.1757631409323,0.000016107715632159224,552.0195288597812,3.645113564081811e-7,0.000042871647827109675,256.2525471264705,403.6641386762382
0.3283834389974129,6.21722282449653e-24,5.046092394226351e-23,5.524357095096652e-28,7.44232867334456e-23,390.97227745220994,433.1228189544784,600.2909478595758,331.0971842294218,20.51677150431261,2313.5132812346355,210.3516779181703,1144.3597515230417,775.8769939078469,0.000015370193275018687,550.8843609520613,3.6561456832967947e-7,0.000041735864888217535,255.623540086368,403.8975192174415
0.3288820612829879,5.720460947685269e-24,4.642402289002217e-23,5.053140529694228e-28,6.854880182478534e-23,390.89823759597334,433.34951548148666,600.136835191424,331.0682874398388,20.547124291275825,2313.513281252802,210.2765641310983,1143.6583385816416,775.578353334159,0.000014666065644441212,549.7508167746499,3.6666809763905477e-7,0.00004063009580873774,254.99570540547114,404.1306709986455
0.329380683568563,5.26347276513074e-24,4.271094619901268e-23,4.622249690654654e-28,6.313910104117681e-23,390.82485319652733,433.57497889533454,599.9836344104061,331.03898653093995,20.577546966790717,2313.5132812710144,210.2011601340799,1142.957253222218,775.2798410331158,0.00001399384105988736,548.6188938832491,3.6767437702732084e-7,0.00003955355044551286,254.36904136650435,404.3635941861805
0.32987930585413805,4.843026334114372e-24,3.9295283895909204e-23,4.228170196249732e-28,5.815686365911797e-23,390.7521210213092,433.79921413949455,599.8313421364952,331.00928303066155,20.608039672038103,2313.513281289271,210.12546762448102,1142.2564960463633,774.9814566277864,0.000013352086824278287,547.4885898327683,3.6863573040960535e-7,0.00003850545830959653,253.74354624981686,404.59628894942966
0.3304006311977278,4.4393673327315626e-24,3.601650695061278e-23,3.852129712696426e-28,5.336851456800738e-23,390.6767711924804,434.03235116847674,599.673083598285,330.9777982257752,20.639995814981326,2313.5132813084047,210.04602203428252,1141.5241838769743,774.6696226527555,0.000012712219593629023,546.3085497069656,3.6959519210065245e-7,0.00003743925826684363,253.0908194636068,404.8393345878689
0.3309219565413175,4.069410927406155e-24,3.30119458980065e-23,3.509628934614846e-28,4.8975220749565046e-23,390.6021271694683,434.26415658092117,599.5158106692145,330.945876721597,20.67202885879765,2313.513281327582,209.96626483200484,1140.7922317816942,774.3579276219095,0.000012102685425211354,545.1302737773797,3.705103226205259e-7,0.00003640250956097845,252.43936663809066,405.0821308944161
0.3314432818849072,3.730349433961041e-24,3.025871804037892e-23,3.197682411789388e-28,4.494445088679262e-23,390.528185323316,434.4946359208061,599.3595195320951,330.91352023948883,20.704138984292644,2313.5132813468003,209.88619793316377,1140.0606404270166,774.0463710933572,0.000011522065469127609,543.9537592908439,3.713833809233864e-7,0.000035394401643245864,251.78918581870164,405.3246780546544
0.3319646072284969,3.4195608652710706e-24,2.7735415803793015e-23,2.913509853675145e-28,4.124580418436738e-23,390.454942047441,434.7237947127266,599.2042063849908,330.8807304994147,20.736326355425447,2313.5132813660584,209.80582324510897,1139.3294104720076,773.7349526373347,0.000010968999268810704,542.7790034926068,3.722165212961041e-7,0.00003441414498866816,251.14027504790374,405.5669762580036
0.3325058182563755,3.124327527372097e-24,2.533874803766323e-23,2.6452600948872226e-28,3.772839596175079e-23,390.37964015266795,434.960303451452,599.0439995009956,330.84623347804177,20.76982341684123,2313.5132813860905,209.7220591170868,1138.5706711698492,773.4118008842212,0.000010422607848716706,541.5612949129305,3.730413788557508e-7,0.00003342514135879672,250.46795346463767,405.8182536136563
0.333047029284254,2.8546270055981212e-24,2.314965965025798e-23,2.401778875867722e-28,3.451156128587459e-23,390.30508328837766,435.1954009817394,598.8848383402938,330.8112732600327,20.803404129555098,2313.5132814061612,209.63796743320555,1137.812322788587,773.0887969690065,0.000009903147315657956,540.3454757563021,3.738275506855938e-7,0.00003246449455945141,249.79699638618845,406.0692630595642
0.3335882403121325,2.6082570178498676e-24,2.1150220439253742e-23,2.180784979289863e-28,3.156967462126928e-23,390.23126749358676,435.42909336358076,598.7267187016639,330.7758517408388,20.837068700328366,2313.5132814262674,209.5535502994681,1137.0543660418723,772.765940397372,0.000009409307606419436,539.1315429883974,3.74577072803064e-7,0.00003153139441891032,249.12740163529173,406.32000479824717
0.3341294513400111,2.383163954675864e-24,1.932367755723081e-23,1.980156791693039e-28,2.887882408195448e-23,390.15818883258254,435.6613866357772,598.569636401284,330.7399708145532,20.870817315801574,2313.513281446409,209.46880981254313,1136.2968016349876,772.4432306894314,0.000008939834423503072,537.9194935724129,3.752918840856039e-7,0.00003062505253163047,248.45916703112695,406.5704790368552
0.3346879153405957,2.1712747729359778e-24,1.760449696127718e-23,1.7925181390477837e-28,2.634289965505946e-23,390.08354914933983,435.89962467837944,598.4086296143649,330.70246644226864,20.905730115645618,2313.513281467226,209.38103116133308,1135.5154992824769,772.1103869291418,0.000008479685186953875,536.6707770689661,3.759950189150131e-7,0.000029717059849236553,247.77105371485183,406.8286577916412
0.3352463793411803,1.9782563508574358e-24,1.6038619216730278e-23,1.622710611512137e-28,2.4030114319106943e-23,390.0096859121224,436.13638590402724,598.2487183638167,330.6644769652194,20.94073285481284,2313.513281488076,209.29291271745308,1134.7346161832954,771.7776984777685,0.000008042978317264038,535.42405940459,3.7666502510142897e-7,0.00002883592900765177,247.0843839485874,407.0865521514628
0.33580484334176486,1.8024332437742866e-24,1.4612416977660985e-23,1.4690447880184105e-28,2.1920886567306272e-23,389.9365948786585,436.3716768125393,598.0898981115793,330.62600443177047,20.97582576545099,2313.5132815089564,209.20445675314585,1133.9541530862728,771.44516479222,0.000007628534846011066,534.1793372965807,3.773036914545515e-7,0.000027980868049800968,246.39915535122702,407.3441623331694
0.3363633073423495,1.6422449488606279e-24,1.3313170562476197e-23,1.3299510905337058e-28,1.9996966134361193e-23,389.86427183450877,436.6055038811015,597.9321643389521,330.5870508890019,21.01100905643412,2313.5132815298657,209.11566553024556,1133.1741107310436,771.1127853460478,0.000007235227438998967,532.9366074588073,3.779127193676393e-7,0.00002715110693215263,245.7153655375565,407.60148855901014
0.33693097393847704,1.4940246536198012e-24,1.2111122953072652e-23,1.2020942827902067e-28,1.8214666931620667e-23,389.79153978335023,436.84169043887294,597.7729402118869,330.5469645819076,21.046864983980708,2313.5132815511483,209.02506989859054,1132.3816464748186,770.7750863275838,0.000006856006595693413,531.6754378474478,3.7850304710491387e-7,0.000026332833193142272,245.02178005447703,407.86276431684666
0.33749864053460454,1.3592038889958231e-24,1.101785594243154e-23,1.0865639805050054e-28,1.6591543143728032e-23,389.7195925446732,437.07637785329496,597.6148293136937,330.5063855059189,21.082814782417696,2313.5132815724583,208.93413254761913,1131.5896184553283,770.4375455439589,0.000006496463939844382,530.4163199316898,3.7906598042216503e-7,0.000025539169128336835,244.3296762166123,408.1237471286736
0.33806630713073205,1.2365753298169434e-24,1.0023558705525623e-23,9.821756512848616e-29,1.511342015000491e-23,389.64842577774215,437.30957278481117,597.4578269606786,330.46531577609426,21.118858700672266,2313.5132815937936,208.84285581958983,1130.7980274223228,770.1001624248191,0.0000061555911680649455,529.1592503175339,3.796030135005513e-7,0.000024769377034376457,243.63905153526372,408.38443721634985
0.3386339737268596,1.1250151151543778e-24,9.11907833854998e-24,8.878293359937071e-29,1.3767094736157245e-23,389.57803517066156,437.54128187086945,597.3019284894249,330.4237575062609,21.154996962781563,2313.5132816151536,208.7512420458344,1130.0068741160555,769.7629364175726,0.000005832424854871899,527.9042256069653,3.8011556664621213e-7,0.000024022739942275656,242.94990351739204,408.6448348075333
0.33919296456192005,1.0250165962038793e-24,8.308403835248677e-24,8.038116997480546e-29,1.2558845983776982e-23,389.509474649198,437.7680041371144,597.1494868361847,330.3823590196851,21.190675357816165,2313.5132816362093,208.66070132090425,1129.2282406170345,769.4310172730295,0.000005530619391854229,526.6703766803502,3.8059765436213085e-7,0.000023309466301459447,242.27272845665038,408.9009670771332
0.33975195539698055,9.339208299236865e-25,7.569959928699784e-24,7.277672231574383e-29,1.1456850559612615e-23,389.44165852628123,437.9932982509477,596.9981066653345,330.34049083978016,21.226445717654773,2313.5132816572855,208.5698382287185,1128.4500329669095,769.0992493787079,0.000005244279516007653,525.4385041598871,3.810584932371418e-7,0.00002261732910887529,241.5969804925189,409.1568161432028
0.34031094623204106,8.509377226329261e-25,6.897331342963515e-24,6.589415307518206e-29,1.0451789837053551e-23,389.37458276390834,438.21717041740936,596.8477835822627,330.29815495199597,21.262308284422108,2313.513281678382,208.47865496409392,1127.6722518475835,768.7676321901976,0.000004972622403366995,524.2086048547824,3.814992173235004e-7,0.000021945703997534812,240.92265726028435,409.4123822122005
0.3408699370671015,7.753313339016709e-25,6.2845299276087926e-24,5.966337178206788e-29,9.534978436862056e-24,389.3082433503856,438.4396268203797,596.6985132110722,330.25535334049744,21.298263277663583,2313.5132816994974,208.38715371174086,1126.8948979323334,768.4361651791977,0.000004714899744833937,522.9806755707161,3.819209053730065e-7,0.000021293983915942232,240.24975639143537,409.66766549582906
0.34142863250416444,7.064884723894875e-25,5.726581503698958e-24,5.402629927156834e-29,8.699176664388767e-24,389.2426707766209,438.66055714614555,596.5503692467698,330.2121109584579,21.33429187200436,2313.513281720619,208.29538524968441,1126.1183823391887,768.1050228433245,0.000004470533120856016,521.7553604834253,3.8232435743067255e-7,0.000020661910435704678,239.57862999684494,409.92253151660304
0.3419873279412274,6.437678743619662e-25,5.218279259691935e-24,4.8923312742236895e-29,7.936784659876873e-24,389.17782583714995,438.8800854121896,596.4032681989252,330.16840726937096,21.370413282362797,2313.513281741758,208.20330346886922,1125.342294819843,767.7740294402629,0.000004238711788779956,520.532007021809,3.8271075769791826e-7,0.000020048563814087504,238.90891975353068,410.17711545719413
0.3425460233782903,5.866268182610278e-25,4.755219703915958e-24,4.430396120531263e-29,7.241372155102052e-24,389.1137046027318,439.0982176647201,596.257205755208,330.12424422226235,21.40662775507631,2313.5132817629124,208.11091052008717,1124.566636022681,767.4431844263636,0.000004018799389279298,519.3106120485028,3.8308100851263357e-7,0.00001945339089022956,238.24062331222552,410.431417518481
0.34310471881535326,5.345597452913417e-25,4.333292337603828e-24,4.012136670339704e-29,6.606945529414261e-24,389.0503031696116,439.3149599295407,596.1121776216171,330.07962376487103,21.442935514358116,2313.513281784082,208.01820854420976,1123.791406587764,767.1124872737454,0.0000038101876877527767,518.0911724226088,3.8343596829587595e-7,0.00001887585384668808,237.5737383200336,410.68543790648164
0.34379164456834754,4.768393624536759e-25,3.865568930863804e-24,3.551718593540953e-29,5.902685363084509e-24,388.97333085444495,439.57955198635153,595.9352743447719,330.0241380550291,21.487704759401044,2313.5132818101306,207.90380943903276,1122.8388379429398,766.7060912360565,0.000003568341366303015,516.5945256359373,3.8385262254171354e-7,0.000018189166787681805,236.75572272344067,410.9973746174769
0.34447857032134177,4.2536155641410765e-25,3.4484458212257085e-24,3.1442867776315124e-29,5.27364918916137e-24,388.89743365083183,439.8420628377719,595.759920278321,329.96796736927024,21.532615863803624,2313.513281836199,207.7889503338217,1121.8869204859197,766.2999168918335,0.0000033417065636482452,515.1008243021502,3.8424877943552796e-7,0.000017527417100844257,235.9398329400517,411.3088861859432
0.345165496074336,3.7945572427796567e-25,3.0764881412872662e-24,2.783787782191893e-29,4.7118513902537615e-24,388.8226044556055,440.1025034248176,595.5861075561904,329.91111526216343,21.577669301221615,2313.5132818622865,207.67363514572597,1120.9356553588693,765.893963225672,0.0000031293383097467957,513.6100626894887,3.846257496354115e-7,0.000016889701933513366,235.12606462909287,411.61997297310563
0.3458524218273303,3.3850104846978567e-25,2.744645671197418e-24,2.464623148824485e-29,4.20989571095782e-24,388.74883622218795,440.3608846532258,595.4138283531648,329.85358528943647,21.62286548198339,2313.5132818883912,207.5578677696998,1119.9850436853947,765.4882292668105,0.0000029303407341073033,512.1222350489427,3.849847691523747e-7,0.000016275148630361154,234.31441343801214,411.93063535549436
0.34662111482237484,2.9789578233476806e-25,2.4156351385293657e-24,2.150754638252501e-29,3.711424604486196e-24,388.667536386423,440.6475935628143,595.2228507386756,329.78840795074484,21.673611361340804,2313.5132819176238,207.42778882924017,1118.9220534086498,765.0344585746252,0.0000027224881245243455,510.4607775576383,3.8536663849859964e-7,0.000015613872479571078,233.4086532857876,412.27777424649435
0.3473898078174194,2.6216939626424653e-25,2.1261561596385456e-24,1.876972562883005e-29,3.2720986490727263e-24,388.5875466528708,440.9317521564973,595.0337728622156,329.7223910731975,21.724537255217168,2313.5132819468754,207.29715388403113,1117.8598843228533,764.5809603178285,0.0000025292505270197497,508.8029790573259,3.857289357964146e-7,0.000014979421174086533,232.505532793448,412.624382623919
0.34815850081246397,2.307413891138943e-25,1.8715091379373513e-24,1.6382130717523148e-29,2.8849634850780805e-24,388.50885738789435,441.2133752915216,594.8465839429127,329.6555395282183,21.77564384945153,2313.513281976145,207.16596829231798,1116.7985379283482,764.1277330675786,0.000002349613234772546,507.148831674253,3.8607303425962805e-7,0.000014370709855858694,231.60504592033794,412.9704609754227
0.34892719380750853,2.0307489387510405e-25,1.647325399552623e-24,1.4297902506777386e-29,2.543585823228027e-24,388.4314590435099,441.49247778230597,594.6612732622441,329.58785819305456,21.826931718883827,2313.513282005432,207.03423737834984,1115.7380156973618,763.6747754728727,0.0000021826187579920393,505.4983274986142,3.8640022265969804e-7,0.000013786693755384339,230.70718660424444,413.31600981593164
0.3498571487900178,1.7400248909338537e-25,1.4117344530584715e-24,1.2128140517288106e-29,2.184181450347372e-24,388.33953553640873,441.82678400337164,594.4395821478483,329.5048758955023,21.889222416867266,2313.513282040883,206.87414963575768,1114.4561131441053,763.1271515602123,0.0000019962406595086452,503.50642726911195,3.867751164836073e-7,0.00001311174367422353,229.62447146185863,413.73334329494935
0.35078710377252703,1.4909950019229206e-25,1.209919414197849e-24,1.0288641510863094e-29,1.875673585988398e-24,388.2494709488336,442.15744807378235,594.2206056661709,329.4206946497275,21.951780661484,2313.5132820763556,206.71328080536355,1113.1754214571179,762.5799176982913,0.000001825647294627832,501.51983404735466,3.8712888075438677e-7,0.000012469788465703747,228.54558252319532,414.14990333488134
0.3517170587550363,1.277785897220022e-25,1.0371331836675013e-24,8.730174284652631e-30,1.610975450455035e-24,388.16124885101283,442.48449535433434,594.0043252107048,329.33532285751926,22.014607726427098,2313.5132821118473,206.55164011280323,1111.8959430980603,762.0330713341248,0.0000016695202859506463,499.5385342150691,3.8746325340542867e-7,0.000011859220362514409,227.47050918360637,414.5656907584745
0.35264701373754553,1.0949334360074386e-25,8.889198594138781e-25,7.40668971404065e-30,1.3834968691538218e-24,388.0748529897823,442.80795116190376,593.7907223039869,329.2487689503427,22.077704593982837,2313.5132821473558,206.38923671299546,1110.6176804702302,761.4866101177021,0.0000015266248618480157,497.5625140381749,3.8777985279185435e-7,0.000011278501515050217,226.39924077770328,414.98070646168554
0.3535413814896737,9.438768500685389e-26,7.664664738879904e-25,6.324318526938464e-30,1.1951773685042537e-24,387.9934710579745,443.1156642297961,593.5878022193588,329.1644198354246,22.13864265744443,2313.5132821815214,206.23233708909373,1109.389483034596,760.9614216166392,0.0000014006575537229977,495.6670795591651,3.88068897850338e-7,0.000010746811282392679,225.37254683321376,415.3791132201432
0.3544357492418018,8.136953382597062e-26,6.609221079718181e-25,5.400586198050277e-30,1.0325474518934854e-24,387.91374921843425,443.42010034440347,593.3873255102653,329.0789923347944,22.19983259210097,2313.5132822157016,206.0747484313878,1108.1624142942555,760.4365847299775,0.0000012850022146359464,493.7765040323236,3.8834399985054204e-7,0.00001024015257068278,224.34935303873905,415.77680765216314
0.35533011699392997,7.015495637945666e-26,5.699922628373232e-25,4.612662218343056e-30,8.921544099368857e-25,387.8356734464353,443.72128119493146,593.1892760861394,328.99249371742064,22.261275555071673,2313.513282249894,205.9164786954743,1106.9364762569023,759.9120971860699,0.0000011788256973060508,491.890775628743,3.886062285793795e-7,0.000009757350389921437,223.32965004212912,416.17379046008017
0.3562244847460581,6.048038314334906e-26,4.915304836889945e-25,3.939271170781553e-30,7.707943975678993e-25,387.7592298611914,444.0192284291465,592.9936379635851,328.90493127330507,22.322972472770267,2313.5132822840983,205.75753577801933,1105.7116708830763,759.3879568740222,0.0000010813467802476633,490.00988243023943,3.888565819671976e-7,0.000009297279256599108,222.31342844489464,416.5700624038344
0.3573201691909007,5.0426455074683184e-26,4.099720046936317e-25,3.2468264467811315e-30,6.443851129394923e-25,387.6677837923978,444.3798656037591,592.7572261966985,328.7962196048054,22.398904802337437,2313.513282326017,205.56190973207276,1104.2127159399552,758.746305754661,9.727569431826085e-7,487.7121848259583,3.8914840027664994e-7,0.00000876307254465245,221.07319300804735,417.0545648580362
0.35841585363574335,4.20469811684701e-26,3.419814394676403e-25,2.6764792712510296e-30,5.387558210417719e-25,387.5787417796177,444.73572023631425,592.5243806715954,328.6859351393689,22.475222173102114,2313.5132823679505,205.36529938001348,1102.7154672925142,758.1051682061849,8.749919487634465e-7,485.421705237618,3.8942521342351675e-7,0.000008259524684012561,219.83815158345013,417.5380026991509
0.35951153808058595,3.5071324279907837e-26,2.85375982712619e-25,2.207449931205781e-30,4.5058623053949e-25,387.4920791259847,445.0868305322087,592.2950726719663,328.5740908314212,22.55192683841748,2313.5132824098982,205.1677188744167,1101.219928300182,757.4645399940963,7.869893454123418e-7,483.13842250207676,3.896883527262481e-7,0.000007784882000360566,218.60828715716596,418.0203771417666
0.36060722252542854,2.924281746208434e-26,2.3805619744778292e-25,1.819782142320394e-30,3.7673356273248783e-25,387.40777144541875,445.4332347126752,592.0692737130779,328.46069972270794,22.629020406118546,2313.5132824518582,204.96918223973594,1099.7261022194677,756.8244173312584,7.077593425668552e-7,480.8623151654962,3.899390517564369e-7,0.000007337478009053256,217.38358257671976,418.5016895645249
0.3616519197519104,2.4593602191789432e-26,2.0029970699596843e-25,1.5141052302001109e-30,3.1766912621837883e-25,387.3295580251666,445.7591705412363,591.8572242272717,328.3511563626523,22.702890843671497,2313.5132824918765,204.77900673501253,1098.3033888319355,756.214549350737,6.396057714951988e-7,478.6987887898167,3.9016746387688293e-7,0.000006934836515180618,216.22065889524876,418.9596163300154
0.3626966169783923,2.0684873516752805e-26,1.6854650355033045e-25,1.2599305960724356e-30,2.6788607362194866e-25,387.25344294244707,446.0808940020092,591.6483148487334,328.2402293612186,22.777118845590046,2313.513282531904,204.58798657493935,1096.882238217814,755.6051334663508,5.779689788829505e-7,476.54174857198853,3.903863662094505e-7,0.000006554267001724727,215.0623959826532,419.41657972054514
0.3637413142048742,1.7401702463891854e-26,1.4186897357977585e-25,1.0488384610322401e-30,2.2596095818939983e-25,387.1794057861007,446.39843672790226,591.4425214941008,328.1279295864617,22.851706405432857,2313.513282571941,204.39613358324922,1095.4626529878935,754.9961660045848,5.222347170784404e-7,474.3911766591288,3.905965111575029e-7,0.000006194563146516326,213.9087792454408,419.87258073914865
0.3647860114313561,1.4635890579297076e-26,1.1938351110267717e-25,8.728271888365228e-31,1.90556040272671e-25,387.10742638770574,446.71183034909023,591.2398202649383,328.01426796675685,22.92665503150715,2313.513282611986,204.20345948097804,1094.044635673479,754.3876436283508,4.718302154010085e-7,472.2470549852514,3.907985970850505e-7,0.000005854576447544707,212.75979398985433,420.32762051133517
0.365788302808622,1.239787233803874e-26,1.011819506052869e-25,7.319318467566786e-31,1.6183395211644825e-25,387.0402844053539,447.0086315755077,591.048231412099,327.9039498892351,22.998902717802586,2313.5132826504127,204.01784529000147,1092.6856538736895,753.8042369809543,4.2802036415523646e-7,470.1960130085683,3.9098546416145506e-7,0.00000554592675983217,211.66178765571368,420.7632869002961
0.366790594185888,1.0502662016751452e-26,8.576217953366592e-26,6.138481039976727e-31,1.3745073824303091e-25,386.9750007362896,447.3016692225547,590.8594461660962,327.7923975095997,23.07148636545811,2313.513282688846,203.8314961518225,1091.328119683617,753.2212334061026,3.882509072279672e-7,468.15087654777983,3.9116596124412595e-7,0.000005253534022610341,210.56801827691146,421.1980702603688
0.3677928855631539,8.898930353791437e-27,7.270952066642204e-26,5.149780795525131e-31,1.1676472193736217e-25,386.91155815073336,447.59097003007497,590.6734439171631,327.67962012910345,23.144407772923376,2313.5132827272855,203.64442214494846,1089.9720351711046,752.6386296523768,3.521541729767668e-7,466.11163023796604,3.913405312559705e-7,0.000004976544271039305,209.47847309827822,421.6319714359695
0.36879517694041986,7.53859539373167e-27,6.163161024608514e-26,4.319274387842874e-31,9.917577724076254e-26,386.8499396138452,447.8765607257939,590.490204207128,327.5656270921268,23.21766836110426,2313.5132827657308,203.45663326339758,1088.6174023408428,752.056422730168,3.193869874999551e-7,464.0782585522649,3.915095860691372e-7,0.000004714143165737414,208.39313928958222,422.0649913661894
0.37021215616535896,5.960363011917211e-27,4.8769320812181113e-26,3.3668943761817103e-31,7.870985517191096e-26,386.7659065407683,448.27403243634586,590.2358249981422,327.4024142985973,23.3218217261446,2313.5132828200913,203.1899481416467,1086.704784620127,751.2340045711295,2.7815792940817115e-7,461.2135936955704,3.917398760209164e-7,0.000004366586384238792,206.86592040141676,422.67566697779563
0.37162913539029807,4.713186106357538e-27,3.859860852987758e-26,2.6251456012174988e-31,6.247780196439081e-26,386.6854384524442,448.6642142099857,589.9868698005882,327.236815770673,23.42666176630708,2313.5132828744618,202.92188170885098,1084.795077568386,750.4123638494113,2.422196791424703e-7,458.3605973250244,3.91960772794697e-7,0.000004044635292895539,205.34705749708132,423.2845852327577
0.3730461146152372,3.7322009683067514e-27,3.059782123573067e-26,2.0510909670481776e-31,4.965842652302878e-26,386.608489044753,449.0471777231877,589.7432824027139,327.06885676636773,23.532194062975947,2313.5132829288414,202.65246132299376,1082.8882863308954,749.5914910891719,2.1090789403633772e-7,455.51922750293335,3.921730680799862e-7,0.000003746411309081806,203.8365150650857,423.8917482885916
0.3744630938401763,2.950450794859837e-27,2.4212774254331438e-26,1.5988753154739777e-31,3.941073323280374e-26,386.53501276257964,449.42299517242657,589.5050071632342,326.8985629370855,23.638421964672442,2313.5132829832296,202.3817140210917,1080.9844158017927,748.7713783540562,1.8360394247442745e-7,452.6894411457673,3.9237749551946645e-7,0.000003470148689116175,202.33425709626397,424.49715887527674
0.376014139315191,2.2813295102210857e-27,1.8742016802004858e-26,1.2175654867040567e-31,3.0604794247372284e-26,386.45851307838933,449.8262601788898,589.2502125275456,326.70950945944656,23.75550475572696,2313.5132830427724,202.08386058054396,1078.9037661182638,747.874531359124,1.577279233542424e-7,449.6051476224658,3.9259293810911025e-7,0.000003191030885049655,200.6993199327161,425.1578432669911
0.3775651847902057,1.764228710681087e-27,1.4510492114389595e-26,9.274377874896472e-32,2.377111365900614e-26,386.3860630683845,450.2211361929826,589.0016455659958,326.51772016798316,23.87343500465233,2313.513283102324,201.78448378802392,1076.8266275789056,746.9785713272555,1.3547933886004734e-7,446.53463008154927,3.928003498708366e-7,0.0000029343513544672185,199.07422069128245,425.81643312944504
0.37911623026522034,1.367646057735257e-27,1.1265088115586128e-26,7.089593299377686e-32,1.8504613868335252e-26,386.3176057094137,450.60771139759316,588.7592357697864,326.3232266655727,23.992220457632225,2313.5132831618835,201.48361773565563,1074.7530058568357,746.0834856144417,1.1636259815310848e-7,443.47783561558504,3.9300032188158023e-7,0.000002698314818351337,197.45891356897673,426.47293103195716
0.38066727574023507,1.0571334474229302e-27,8.718764282777364e-27,5.397750395233407e-32,1.4367734099269294e-26,386.25308498639583,450.9860749732146,588.5229134033242,326.12606119649905,24.11186544056447,2313.5132832214513,201.18129607732146,1072.6829062847848,745.1892639320239,9.991412120341048e-8,440.434709502199,3.931934042539678e-7,0.000002481240256163585,195.85335199404955,427.1273404208222
0.38211186819046156,8.324249389724965e-28,6.874125350633246e-27,4.1927303966028784e-32,1.1360654850333451e-26,386.19648464410113,451.3311592880478,588.3082251105297,325.94005156604,24.224079391279624,2313.513283276937,200.89844366268426,1070.7580563932866,744.3571809902052,8.668463111286679e-8,437.61269066579905,3.9336741203152796e-7,0.000002294795305637097,194.3667104918351,427.7349592692451
0.38355646064068805,6.555722041187782e-28,5.420770335203581e-27,3.2575129173422835e-32,8.984475180277879e-27,386.1432073912505,451.66926253494444,588.0987025587077,325.75177564346603,24.33705187162951,2313.5132833324283,200.61438382772124,1068.8362701787948,743.5258264623695,7.519799306882782e-8,434.8024415892662,3.9353613344958594e-7,0.0000021223540086354876,192.8884466768795,428.3407706153126
0.38500105309091454,5.170976091887106e-28,4.282136544277821e-27,2.536641297047556e-32,7.115526685553366e-27,386.0932100234775,452.00045159607794,587.8942913269765,325.5612578226317,24.450789230834506,2313.513283387925,200.3291426924172,1066.9175514045191,742.695190122972,6.522958923877478e-8,432.00392101810684,3.936998430061292e-7,0.000001962868706793539,191.41852411726933,428.9447763967908
0.386445645541141,4.071108452588209e-28,3.376114717816056e-27,1.97031701135262e-32,5.626107894439594e-27,386.04645003763886,452.32479393336365,587.6949375502638,325.3685228899117,24.565295588820028,2313.5132834434285,200.04274606047224,1065.001903601558,741.8652632821832,5.6570161274169164e-8,429.2170865429773,3.93858795936486e-7,0.0000018153555907799874,189.95690590027624,429.5469791179938
0.3877040030188845,3.3077468140096523e-28,2.746583525118102e-27,1.5826387665554284e-32,4.588112522894474e-27,386.00832382358476,452.6017931570434,587.5253641497136,325.19884677697604,24.66567209268022,2313.51328349178,199.79234951857492,1063.3357239093532,741.1428994024656,4.99661092957351e-8,426.7990191821508,3.939935412964128e-7,0.0000016959218283538143,188.69045699955802,430.0700786141194
0.388962360496628,2.6877864356364957e-28,2.2347330277365498e-27,1.271469587441094e-32,3.742078898827803e-27,385.9725949622784,452.8736887958455,587.359553007284,325.0275221055275,24.766641129062517,2313.5132835401355,199.54111215863824,1061.6718791317535,740.4210593857936,4.412922213889747e-8,424.3897615967055,3.9412496217185413e-7,0.000001584342802779274,187.4302580213426,430.5918126386787
0.39022071797437147,2.1855118946849364e-28,1.8196556961229798e-27,1.022497788333364e-32,3.0540056006810505e-27,385.93923650011385,453.1405226190166,587.1974696106394,324.854564353589,24.868206916639263,2313.5132835884947,199.2890504252649,1060.0103713046744,739.6997364839303,3.8971854404308836e-8,421.98928735120944,3.9425317145387153e-7,0.000001480103426925187,186.1762852220555,431.11218240222513
0.39147907545211497,1.7756760948143368e-28,1.4804750476520046e-27,8.21424514490712e-33,2.4907368783669833e-27,385.9082218576432,453.40233658480474,587.0390797559593,324.67998915645484,24.970372645135914,2313.513283636858,199.03618058709165,1058.351202343868,738.9789246579879,3.441259601069634e-8,419.5975695062122,3.943782744304588e-7,0.0000013827171841217235,184.92851465216526,431.63118937341596
0.3927845779876983,1.4317508500975737e-28,1.195468729972729e-27,6.546860958107506e-33,2.016265542601614e-27,385.87849432187716,453.66869749430856,586.8786232092773,324.49718013077484,25.077004843760072,2313.5132836870366,198.7729999585601,1056.6323456236069,738.2316400392036,3.024279312908762e-8,417.1254714953798,3.9450487799586463e-7,0.0000012884468544341837,183.64052560995643,432.16820211011157
0.39409008052328165,1.154563201435792e-28,9.654674008965435e-28,5.218944001553686e-33,1.6323941280750103e-27,385.85123233340596,453.9297439972973,586.7220682460141,324.3126633394008,25.184292083879868,2313.5132837372194,198.50898459665092,1054.9160102376147,737.4848907013499,2.6575938558377254e-8,414.66274136351393,3.946283287202175e-7,0.0000012006018358844493,182.35916060585586,432.70375058976265
0.395395583058865,9.318222609329262e-29,7.804443673369846e-28,4.1654114082400814e-33,1.3226396267206805e-27,385.8264073453525,454.1855202516902,586.5693777753573,324.1264553820102,25.29223924558779,2313.5132837874057,198.24415204718002,1053.2021980317634,736.7386690145145,2.3352423738545598e-8,412.20935051444127,3.947487103910664e-7,0.0000011187454893254889,181.08439351548253,433.2378360561693
0.39670108559444833,7.513017177129267e-29,6.302419439321316e-28,3.320247681864326e-33,1.070741982188969e-27,385.80399121986255,454.4360706702183,586.4205150479022,323.9385730466053,25.40085001540947,2313.5132838375953,197.97851966029376,1051.4909107208464,735.9929681709639,2.0516875794723254e-8,409.7652697581765,3.9486610148880956e-7,0.000001042466054554924,179.81619797653224,433.77046005184474
0.3981228417810457,5.942937476233797e-29,4.9939621386927255e-28,2.5941026913977913e-33,8.507542787920717e-28,385.78228659355665,454.70303799455985,586.2627078607495,323.73207434081587,25.51989321031603,2313.5132838922586,197.6883432071665,1049.6301091285177,735.1814468864396,1.7817242251161016e-8,407.1141038086635,3.9499062394920243e-7,9.652965187637344e-7,178.44251597620146,434.3488525663639
0.39954459796764297,4.701582281157856e-29,3.957843661802823e-28,2.0272252361496488e-33,6.76071968780715e-28,385.7633706022353,454.96391303372013,586.1093508441875,323.5236298905356,25.63973562931937,2313.5132839469265,197.39726031721685,1047.7723060528942,734.3705244087988,1.5471358917000898e-8,404.4739103528809,3.951117618733547e-7,8.938384390582452e-7,177.07656386393126,434.92551470126466
0.4009663541542403,3.724706205584859e-29,3.1414916565266386e-28,1.587345498957174e-33,5.379394760027953e-28,385.7472083570834,455.21874957447125,585.9603979839277,323.3132602224591,25.760383862056347,2313.513284001598,197.10529258029842,1045.9175033415656,733.5601907096907,1.3433814509111499e-8,401.8446537066702,3.9522958902840765e-7,8.276705452673796e-7,175.71830844211894,435.5004479058428
0.40238811034083766,2.94585735033147e-29,2.489271650458097e-28,1.2401941005426302e-33,4.274100142569718e-28,385.733765513114,455.46760188273726,585.8158037214339,323.1009861659199,25.881842716793127,2313.5132840562746,196.81246132352163,1044.0657026666076,732.7504369866342,1.1662342414194807e-8,399.22629726997997,3.9534417490455426e-7,7.663970233474891e-7,174.36771615216327,436.07365407516187
0.40388352086615786,2.3022740769349446e-29,1.949313995381329e-28,9.570340797435604e-34,3.356547852202022e-28,385.7225234286793,455.72294588820887,585.6683724316152,322.87568226632476,26.010475985169915,2313.5132841137874,196.50355119970777,1042.121210204191,731.8993484567052,1.004958711192321e-8,396.48401988467305,3.954612661278139e-7,7.068367860447104e-7,172.95538898831222,436.6746932119456
0.405378931391478,1.7995467240515257e-29,1.5267699733721293e-28,7.387020176159624e-34,2.6364349207300183e-28,385.7142134587433,455.97178720831073,585.5256613438718,322.648316909819,26.140021079253337,2313.513284171305,196.1937332068077,1040.180042305738,731.0488787581677,8.65901870259086e-9,393.7537219442355,3.95574905312554e-7,6.519047084455533e-7,171.55146487476802,437.2738248910198
0.40687434191679817,1.4092531245436752e-29,1.198275303385453e-28,5.716784232396755e-34,2.0743365224506745e-28,385.708797322862,456.214184621579,585.387619175673,322.4189128966862,26.270485983198032,2313.5132842288263,195.883031181265,1038.2422005054236,730.1990160257205,7.460714277113705e-9,391.03536340781034,3.9568515338872477e-7,6.012424925137283e-7,170.15590585168573,437.87105061890594
0.40836975244211837,1.1010989035842958e-29,9.382845397311945e-29,4.411087386099385e-34,1.6288771637449366e-28,385.7062373659549,456.4501975710374,585.2541951731921,322.1874934153304,26.40187647448339,2313.5132842863522,195.57146865304676,1036.3076861352138,729.3497499115706,6.426756486643554e-9,388.32890308113457,3.957920681930962e-7,5.545142151178692e-7,168.76867351202836,438.4663724526713
0.40997501035389805,8.450323190836823e-30,7.217537733576586e-29,3.3405282912861694e-34,1.2568410856575552e-28,385.7066256127463,456.6965067808072,585.1160526375376,321.93685706714325,26.543957901763772,2313.5132843481088,195.23608867832394,1034.2347738661365,728.4387500570513,5.475164532529944e-9,385.4368326672218,3.9590318620151883e-7,5.083867460972716e-7,167.28876392439372,439.1033072279599
0.40999999999900105,8.419745555696021e-30,7.191626317349487e-29,3.327916934337846e-34,1.252375167081728e-28,385.7066815217286,456.7002287424801,585.1139831094762,321.9329199879678,26.54618663834539,2313.51328434907,195.2308531139952,1034.2025638027703,728.4245784442111,5.46253688866056e-9,385.3920227097676,3.959048581048616e-7,5.077283938562413e-7,167.26587359243197,439.11318852867777
0.41000000000000003,8.419745555696021e-30,7.191626317349487e-29,3.327916934337846e-34,1.252375167081728e-28,385.7066815217286,456.7002287424801,585.1139831094762,321.9329199879678,26.54618663834539,2313.51328434907,195.2308531139952,1034.2025638027703,728.4245784442111,5.46253688866056e-9,385.3920227097676,3.959048581048616e-7,5.077283938562413e-7,167.26587359243197,439.11318852867777